entry_id,grammar_point,semantic_concept,connection_rule,meaning_zh,example_japanese,example_reading,example_chinese,jlpt_level,tags,notes,usage_when,usage_avoid,common_mistakes,review_issues,review_status,enriched_by,confidence
G0001,のは,針對某行為發表評價、判斷或感想,[動詞辞書形]の + は + [評價/感想],針對某行為發表評價、判斷或感想,早起きするのは、健康にいいです。,早起きするのは、健康にいいです。,早起這件事對健康很好。,N4,N4|文法|助詞,,想對「做某件事」表達個人看法、評價時 | 後面接 いい、悪い、難しい、楽しい 等,後面接具體動作受詞（看、聽、忘記）→ 應改用 のを,與 のが（能力/喜好）、のを（動作受詞）混淆 | 與 のが（能力/喜好）、のを（動作受詞）混淆,,corrected,grammar_teacher_agent,0.95
G0002,のが,表達對某動作的能力、喜好或特質,[動詞辞書形]の + が + [好き、上手、下手、得意、苦手],表達對某動作的能力、喜好或特質,私は音楽を聴くのが好きです。,私は音楽を聴くのが好きです。,我喜歡聽音樂這件事。,N4,N4|文法|助詞,,表達喜好、擅長與否、害怕等情感/能力時,表達「對整件事的評價」→ 用 のは,能力・情感對象習慣用が，不要改成は | 能力・情感對象習慣用が，不要改成は,,corrected,grammar_teacher_agent,0.95
G0003,のを,把某動作當作受詞，後接看、聽、忘記、停止等,[動詞辞書形]の + を + [見る、聞く、忘れる、やめる],把某動作當作受詞，後接看、聽、忘記、停止等,鍵を閉めるのを忘れました。,鍵を閉めるのを忘れました。,我忘記鎖門這件事了。,N4,N4|文法|助詞,鍵(かぎ)を閉(し)めるのを忘(わす)れました。(我忘記了「鎖門」這件事。 →忘記)◦ 彼が音楽(おんがく)を聴いているのを見(み)ました。(我看到了「他正在聽音樂」這件事。  →  看見)◦ (如果用原句的情境):夜中に大音量で音樂を聴くのをやめてください。(請停止「半夜開大音量聽音樂」這個行為。  →  停止),忘記/看見/聽見/停止「某個行為本身」時,只表達評價或喜好時不要用のを,與 のは、のが 搞混；最常考忘れる、見る、やめる | 與 のは、のが 搞混；最常考忘れる、見る、やめる,,corrected,grammar_teacher_agent,0.95
G0004,〜がほしい,表示說話人的願望  →  想要,過去 今と未来 肯定 ほしかったです ほしいです,表示說話人的願望  →  想要,彼女がほしいです,彼女がほしいです,表示說話人的願望  →  想要,N4,N4|文法|句型|助詞,過去 今と未来 肯定 ほしかったです ほしいです,什麼時候「は」才  OK ?,,為什麼不用「は」? | 因為這些句子在做的是:,,passed,pdf_extract,0.95
G0005,否定 ほしくなかったです ほしくないです,否定 ほしくなかったです ほしくないです,否定 ほしくなかったです ほしくないです,否定 ほしくなかったです ほしくないです,否定 ほしくなかったです ほしくないですを使います。,否定 ほしくなかったです ほしくないですを使います。,否定 ほしくなかったです ほしくないです,N3,N3|文法|助詞,,什麼時候「は」才  OK ?,,為什麼不用「は」? | 因為這些句子在做的是:,grammar_point 疑似誤拆（例句/說明文字）; 例句為模板佔位，非真實例句; 意思與句型名稱相同，缺少釋義; 信心分偏低 (0.5),excluded,teacher_agent,0.5
G0006,にの使い方,表示動作的目的,日 文 筆 記,表示動作的目的,にの使い方を使います。,にの使い方を使います。,表示動作的目的,N3,N3|文法|助詞,日 文 筆 記,,,,例句為模板佔位，非真實例句,flagged,teacher_agent,0.6
G0007,神戸へ買い物に行きます,神戸へ買い物に行きます,神戸へ買い物に行きます,神戸へ買い物に行きます,神戸へ買い物に行きますを使います。,神戸へ買い物に行きますを使います。,神戸へ買い物に行きます,N3,N3|文法|助詞,,,,,例句為模板佔位，非真實例句; 意思與句型名稱相同，缺少釋義; 信心分偏低 (0.5),flagged,teacher_agent,0.5
G0008,ましょうか,要不要我…？（提出幫忙）,Vます形 + ましょうか,要不要我…？（提出幫忙）,荷物を持ちましょうか。,荷物を持ちましょうか。,要不要我幫您拿行李？,N4,N3|文法,日 文 筆 記,主動提議為對方做某事,邀請對方一起做 → 用 ましょう | 例:少し  疲れましたね。休みましょうか → 稍微累了呢。我們要不要休息一下呢?,與 ましょう（一起…吧）語感不同 | 與 ましょう（一起…吧）語感不同,意思與句型名稱相同，缺少釋義,corrected,grammar_teacher_agent,0.9
G0009,變化方式:動詞  ます形(去ます) + ましょうか。,變化方式:動詞  ます形(去ます) + ましょうか。,變化方式:動詞  ます形(去ます) + ましょうか。,變化方式:動詞  ます形(去ます) + ましょうか。,變化方式:動詞  ます形(去ます) + ましょうか。を使います。,變化方式:動詞  ます形(去ます) + ましょうか。を使います。,變化方式:動詞  ます形(去ます) + ましょうか。,N3,N3|文法,,,例:少し  疲れましたね。休みましょうか → 稍微累了呢。我們要不要休息一下呢?,,grammar_point 疑似誤拆（例句/說明文字）; 例句為模板佔位，非真實例句; 意思與句型名稱相同，缺少釋義; 信心分偏低 (0.5),excluded,teacher_agent,0.5
G0010,勉強します  →  勉強して,勉強します  →  勉強して,勉強します  →  勉強して,勉強します  →  勉強して,勉強します  →  勉強してを使います。,勉強します  →  勉強してを使います。,勉強します  →  勉強して,N3,N3|文法,,,,,grammar_point 疑似誤拆（例句/說明文字）; 例句為模板佔位，非真實例句; 意思與句型名稱相同，缺少釋義; 信心分偏低 (0.5),excluded,teacher_agent,0.5
G0011,てください,"表示請,是對別人發出禮貌的請求",V  て形  +  ください =  PLEASE   DO例:早く食べてください 日 文 筆 記,"表示請,是對別人發出禮貌的請求",パスポートを見せてください例:これを見てください,パスポートを見せてください例:これを見てください,"表示請,是對別人發出禮貌的請求",N3,N3|文法,,,,,,passed,pdf_extract,0.95
G0012,ています 👉  這個最接近英文完成式的概念,表示某個動作正在進行中,結果狀態的繼續,表示某個動作正在進行中,ています 👉  這個最接近英文完成式的概念を使います。,ています 👉  這個最接近英文完成式的概念を使います。,表示某個動作正在進行中,N3,N3|文法,結果狀態的繼續,,,ています 👉  這個最接近英文完成式的概念,例句為模板佔位，非真實例句,flagged,teacher_agent,0.6
G0013,b知っています、知っていません( X ) → 知りません,"現時的狀態,用來說明自己的職業或學習中",習慣、職業 日 文 筆 記,"現時的狀態,用來說明自己的職業或學習中",休みの日は娘と買い物に行ったり、映画を見たりしています,休みの日は娘と買い物に行ったり、映画を見たりしています,"現時的狀態,用來說明自己的職業或學習中",N3,N3|文法,習慣、職業 日 文 筆 記,,,ています 👉  這個最接近英文完成式的概念,grammar_point 疑似誤拆（例句/說明文字）,excluded,pdf_extract,0.95
G0014,c日本語学校で教えています,c日本語学校で教えています,c日本語学校で教えています,c日本語学校で教えています,c日本語学校で教えていますを使います。,c日本語学校で教えていますを使います。,c日本語学校で教えています,N3,N3|文法|助詞,,,,ています 👉  這個最接近英文完成式的概念,例句為模板佔位，非真實例句; 意思與句型名稱相同，缺少釋義; 信心分偏低 (0.5),flagged,teacher_agent,0.5
G0015,てもいいですか,可以…嗎？（徵求許可）,Vて + もいいですか,可以…嗎？（徵求許可）,窓を閉めてもいいですか。,窓を閉めてもいいですか。,可以關窗嗎？,N4,N3|文法|助詞,「わかりました(明白)」「いいです(よ)(好的)」等句子,"禮貌徵求許可 | 這句型用來徵求許可。給予許可時,可以使用「どうぞ(請做)」 | 不可以  / 不能  / 不准  / 不要 | 這句型不只用於講述放假習慣做的事,亦可以用來講述過去發生的事情,今後的預定或希望等事情",禁止 → てはいけません；不必 → なくてもいい,與 てはいけません 成對學習 | 與 てはいけません 成對學習,,corrected,grammar_teacher_agent,0.95
G0016,V てはいけません,不可以  / 不能  / 不准  / 不要,N で /  い形容詞ーくて /  な形容詞で 動作的並列 V1 て V2 ます 日 文 筆 記,不可以  / 不能  / 不准  / 不要,写真を取ってもいいですか?写真を取ってはいけません,写真を取ってもいいですか?写真を取ってはいけません,不可以  / 不能  / 不准  / 不要,N3,N3|文法|助詞,"2 個以上名詞或形容詞並列 這句型不只用於講述放假習慣做的事,亦可以用來講述過去發生的事情,今後的預定或希望等事情","這句型用來徵求許可。給予許可時,可以使用「どうぞ(請做)」 | 不可以  / 不能  / 不准  / 不要 | 這句型不只用於講述放假習慣做的事,亦可以用來講述過去發生的事情,今後的預定或希望等事情",,,,passed,pdf_extract,0.95
G0017,てから,做完前者之後，再做後者（動作順序）,Vて + から、V,做完前者之後，再做後者（動作順序）,ご飯を食べてから、出かけます。,ご飯を食べてから、出かけます。,吃完飯之後出門。,N4,N3|文法,不能用於明確的時間關係,強調兩個動作的先後順序，前一個先完成 | (〇)八時に起きて、出かけます,❌ 八時に起きてから、出かけます（明確鐘點時間用 て）| 不能用於單純時間點羅列 | 不能用於明確的時間關係,"與 て（單純連接）混淆；鐘點+て 即可，不需 てから | 與 て（單純連接）混淆；鐘點+て 即可，不需 てから | 表示先做前面的動作,然後再做後面的動作   →  句子的重點是動作的順序強調第一個動作一定先完成",,corrected,grammar_teacher_agent,0.95
G0018,(〇)八時に起きて、出かけます,(〇)八時に起きて、出かけます,(〇)八時に起きて、出かけます,(〇)八時に起きて、出かけます,(〇)八時に起きて、出かけますを使います。,(〇)八時に起きて、出かけますを使います。,(〇)八時に起きて、出かけます,N3,N3|文法|助詞,,(〇)八時に起きて、出かけます,不能用於明確的時間關係,"表示先做前面的動作,然後再做後面的動作   →  句子的重點是動作的順序強調第一個動作一定先完成",grammar_point 疑似誤拆（例句/說明文字）; 例句為模板佔位，非真實例句; 意思與句型名稱相同，缺少釋義; 信心分偏低 (0.5),excluded,teacher_agent,0.5
G0019,彼女に会ってからコーヒーを飲みます,彼女に会ってからコーヒーを飲みます,彼女に会ってからコーヒーを飲みます,彼女に会ってからコーヒーを飲みます,彼女に会ってからコーヒーを飲みますを使います。,彼女に会ってからコーヒーを飲みますを使います。,彼女に会ってからコーヒーを飲みます,N3,N3|文法|助詞,,,,,例句為模板佔位，非真實例句; 意思與句型名稱相同，缺少釋義; 信心分偏低 (0.5),flagged,teacher_agent,0.5
G0020,てあります / ておきます,已經…好了（結果狀態留存）,Vて + あります,已經…好了（結果狀態留存）,もうチケットは買ってあります。,もうチケットは買ってあります。,票已經買好了。,N3,N3|文法,日 文 筆 記,✅ 某事已做完，狀態現在仍存在 | ✅ 回家發現東西已準備好,❌ 表達「事先為未來準備」→ 用 ておきます,與 ておきます 時間感不同：あります=已完成，おきます=先做好 | 與 ておきます 時間感不同：あります=已完成，おきます=先做好,意思與句型名稱相同，缺少釋義,corrected,grammar_teacher_agent,0.85
G0021,てあります,已經…好了（結果狀態留存）,Vて + あります,已經…好了（結果狀態留存）,もうチケットは買ってあります。,もうチケットは買ってあります。,票已經買好了。,N3,N3|文法,"✅ 為了某個目的,已經買好了 ✅ 結果現在還存在 時間感 🕒「現在之前已完成」 常見情境 回家發現東西已經準備好 說明「狀態」","✅ 某事已做完，狀態現在仍存在 | ✅ 回家發現東西已準備好 | 為了某個目的,已經買好了 | 結果現在還存在",❌ 表達「事先為未來準備」→ 用 ておきます,與 ておきます 時間感不同：あります=已完成，おきます=先做好 | 與 ておきます 時間感不同：あります=已完成，おきます=先做好 | 📌 重點,,corrected,grammar_teacher_agent,0.95
G0022,ておきます,事先…好（為未來做準備）,Vて + おきます,事先…好（為未來做準備）,明日雨が降りそうだから、傘を買っておきます。,明日雨が降りそうだから、傘を買っておきます。,明天可能下雨，我先去買傘。,N3,N3|文法,✅ 現在∕接下來要先做一件事 ✅ 為了未來做準備 時間感 常見情境 臨時想到「先準備一下比較好」 當下的決定,✅ 現在決定先做好，方便之後使用 | ✅ 臨時想到先準備 | 現在∕接下來要先做一件事 | 為了未來做準備,❌ 說明「已經做好且狀態還在」→ 用 てあります,てあります VS ておきます 是 N3 常考對比 | てあります VS ておきます 是 N3 常考對比 | V て  + おく | 📌 重點,,corrected,grammar_teacher_agent,0.95
G0023,てあります  VS  ておきます,てあります  VS  ておきます,てあります  VS  ておきます,てあります  VS  ておきます,てあります  VS  ておきますを使います。,てあります  VS  ておきますを使います。,てあります  VS  ておきます,N3,N3|文法,,"為了某個目的,已經買好了 | 結果現在還存在",,📌 重點,例句為模板佔位，非真實例句; 意思與句型名稱相同，缺少釋義; 信心分偏低 (0.5),flagged,teacher_agent,0.5
G0024,夕飯の材料は  買ってあります,夕飯の材料は  買ってあります,夕飯の材料は  買ってあります,夕飯の材料は  買ってあります,夕飯の材料は  買ってありますを使います。,夕飯の材料は  買ってありますを使います。,夕飯の材料は  買ってあります,N3,N3|文法|助詞,,"為了某個目的,已經買好了 | 結果現在還存在",,📌 重點,例句為模板佔位，非真實例句; 意思與句型名稱相同，缺少釋義; 信心分偏低 (0.5),flagged,teacher_agent,0.5
G0025,会議の前に資料を  買っておきます,表示,日 文 筆 記,表示,会議の前に資料を  買っておきますを使います。,会議の前に資料を  買っておきますを使います。,表示,N3,N3|文法|助詞,日 文 筆 記,現在∕接下來要先做一件事 | 為了未來做準備,,V て  + おく | 📌 重點,例句為模板佔位，非真實例句,flagged,teacher_agent,0.6
G0026,"表示甚麼也不做,維持原來的狀態","表示甚麼也不做,維持原來的狀態","表示甚麼也不做,維持原來的狀態","表示甚麼也不做,維持原來的狀態","表示甚麼也不做,維持原來的狀態を使います。","表示甚麼也不做,維持原來的狀態を使います。","表示甚麼也不做,維持原來的狀態",N3,N3|文法,,,,,例句為模板佔位，非真實例句; 意思與句型名稱相同，缺少釋義; 信心分偏低 (0.5),flagged,teacher_agent,0.5
G0027,まだ ていません,「まだ」以句型「まだ+否定句」表示動作還未完成。「まだ」是「還(沒有)」的意思,日 文 筆 記,「まだ」以句型「まだ+否定句」表示動作還未完成。「まだ」是「還(沒有)」的意思,もう ご飯をたべましたか。いいえ、まだです。まだ、食べていません。 「まだ」のとき「ていません」がセット,もう ご飯をたべましたか。いいえ、まだです。まだ、食べていません。 「まだ」のとき「ていません」がセット,「まだ」以句型「まだ+否定句」表示動作還未完成。「まだ」是「還(沒有)」的意思,N3,N3|文法,日 文 筆 記,,,,,passed,pdf_extract,0.95
G0028,〜てくる,變化從過去一路發展到現在；或朝說話者靠近,Vて + くる,變化從過去一路發展到現在；或朝說話者靠近,寒くなってきましたね。,寒くなってきましたね。,天氣漸漸變冷了呢。,N4,N4|文法|句型,超常見例子 1. 寒くなってきましたね。 天氣漸漸變冷了(到現在已經感覺得到) 2. 日本の生活にも慣れてきました。 已經慢慢習慣日本的生活了。 3. この仕事、だんだん面白くなってきた。 這份工作慢慢變有趣了。 動詞て形+くる 不是移動 是「時間上的接近現在」 和沒有  きました  的差別(超重要)1  なりました 日本語が上手になりました。 結果陳述 像是在說「現在是這樣」,✅ 漸變到現在：慣れてきた、上手になってきた | ✅ 雨が降ってきた（開始下起來）,❌ 單純「來了」的移動義在此不是重點,"なりました（結果）vs なってきました（一路變化過程） | なりました（結果）vs なってきました（一路變化過程） | 不是「來了」👉 某個變化從過去開始,一路發生到「現在」 | 所以用在「學習、成⻑、習慣」超自然",,corrected,grammar_teacher_agent,0.85
G0029,2  なってきました,2  なってきました,2  なってきました,2  なってきました,2  なってきましたを使います。,2  なってきましたを使います。,2  なってきました,N3,N3|文法,,,,"不是「來了」👉 某個變化從過去開始,一路發生到「現在」 | 所以用在「學習、成⻑、習慣」超自然",例句為模板佔位，非真實例句; 意思與句型名稱相同，缺少釋義; 信心分偏低 (0.5),flagged,teacher_agent,0.5
G0030,伴隨狀態(描述做  V2 時的樣子),V1 て  / V1 ないで  + V2( 這個句型主要用來描述  「做動作時的伴隨狀態」 或  「二選一的抉擇」。,"伴隨狀態(描述做  V2 時的樣子) 這指的是在進行主要動作  V2 時,是處於  V1 這種狀態或方式。• 肯定的伴隨( V- て): 帶著某種狀態去做某事。    ◦ 例句: しょうゆを  つけて 食べます。    ◦ 意思: 沾著醬油吃。(「沾醬油」是吃的時候的狀態)• 否定的伴隨( V- ないで): 在不做某事的情況下去做某事。    ◦ 例句: しょうゆを  つけないで 食べます。    ◦ 意思: 不沾醬油吃。(「不沾醬油」是吃的時候的狀態) 二選一的抉擇(互斥的動作) 這指的是在兩個互相衝突的選項中,選擇不做  V1 ,而是去執行  V2 。• 用法: V1 ない形  + で, V2 。• 例句: 日曜日は  どこも  行かないで、うちで  ゆっくり  休みます。• 意思: 星期天哪兒都不去,要在門口好好休息。• 解析: 在「出去玩」與「待在家」之間,選擇了後者。 💡 重點整理表 分類 句型結構 語意說明 例子 例子 伴隨 ( 正 ) V1 て -form, V2 處於 V1 的狀態下做 V2 傘をさして  歩きます 撐著傘走路。 伴隨 ( 負 ) V1 ないで , V2 在沒做 V1 的情況下做 V2傘をささないで  歩きます 不撐傘走路(淋雨)。 抉擇 V1 ないで , V2 不做  V1 ,而是改做 V2 エレベーターに乗らないで、階段を使います不搭電梯,走樓梯。 日 文 筆 記",V1 て  / V1 ないで  + V2( 這個句型主要用來描述  「做動作時的伴隨狀態」 或  「二選一的抉擇」。,"伴隨狀態(描述做  V2 時的樣子) 這指的是在進行主要動作  V2 時,是處於  V1 這種狀態或方式。","伴隨狀態(描述做  V2 時的樣子) 這指的是在進行主要動作  V2 時,是處於  V1 這種狀態或方式。",V1 て  / V1 ないで  + V2( 這個句型主要用來描述  「做動作時的伴隨狀態」 或  「二選一的抉擇」。,N3,N3|文法,"伴隨狀態(描述做  V2 時的樣子) 這指的是在進行主要動作  V2 時,是處於  V1 這種狀態或方式。• 肯定的伴隨( V- て): 帶著某種狀態去做某事。    ◦ 例句: しょうゆを  つけて 食べます。    ◦ 意思: 沾著醬油吃。(「沾醬油」是吃的時候的狀態)• 否定的伴隨( V- ないで): 在不做某事的情況下去做某事。    ◦ 例句: しょうゆを  つけないで 食べます。    ◦ 意思: 不沾醬油吃。(「不沾醬油」是吃的時候的狀態) 二選一的抉擇(互斥的動作) 這指的是在兩個互相衝突的選項中,選擇不做  V1 ,而是去執行  V2 。• 用法: V1 ない形  + で, V2 。• 例句: 日曜日は  どこも  行かないで、うちで  ゆっくり  休みます。• 意思: 星期天哪兒都不去,要在門口好好休息。• 解析: 在「出去玩」與「待在家」之間,選擇了後者。 💡 重點整理表 分類 句型結構 語意說明 例子 例子 伴隨 ( 正 ) V1 て -form, V2 處於 V1 的狀態下做 V2 傘をさして  歩きます 撐著傘走路。 伴隨 ( 負 ) V1 ないで , V2 在沒做 V1 的情況下做 V2傘をささないで  歩きます 不撐傘走路(淋雨)。 抉擇 V1 ないで , V2 不做  V1 ,而是改做 V2 エレベーターに乗らないで、階段を使います不搭電梯,走樓梯。 日 文 筆 記",,,重點整理表,grammar_point 疑似誤拆（例句/說明文字）,excluded,grammar_teacher_agent,0.75
G0031,感謝の気持ちが持ています,感謝の気持ちが持ています,感謝の気持ちが持ています,感謝の気持ちが持ています,感謝の気持ちが持ていますを使います。,感謝の気持ちが持ていますを使います。,感謝の気持ちが持ています,N3,N3|文法|助詞,,,,「が」:はじめてそのものを言うときにつかいます。 👉 「そこに犬がいます。」(初めて犬のことを話す) | 「は」:もう知っているもの、二回目からは「は」で話します。 👉 「その犬は白いです。」(もう犬のことを知っている),例句為模板佔位，非真實例句; 意思與句型名稱相同，缺少釋義; 信心分偏低 (0.5),flagged,teacher_agent,0.5
G0032,送ります,送ります,送ります,送ります,送りますを使います。,送りますを使います。,送ります,N3,N3|文法,,,,,例句為模板佔位，非真實例句; 意思與句型名稱相同，缺少釋義; 信心分偏低 (0.5),flagged,teacher_agent,0.5
G0033,てしまいます,てしまいます,てしまいました(完了),てしまいます,私は昨日  本を買いました。おもしろかったですから、朝も昼も晩も読みました。一日で全部読みました。一日で読んでしまいました。,私は昨日  本を買いました。おもしろかったですから、朝も昼も晩も読みました。一日で全部読みました。一日で読んでしまいました。,,N3,N3|文法,てしまいました(完了),,,,意思與句型名稱相同，缺少釋義,flagged,pdf_extract,0.9
G0034,てしまいます(未来完了),てしまいます(未来完了),てしまいます(未来完了),てしまいます(未来完了),てしまいます(未来完了)を使います。,てしまいます(未来完了)を使います。,てしまいます(未来完了),N3,N3|文法,,,,,例句為模板佔位，非真實例句; 意思與句型名稱相同，缺少釋義; 信心分偏低 (0.5),flagged,teacher_agent,0.5
G0035,ない形=動詞否定普通形,1  不規則(先背),1  不規則(先背),1  不規則(先背),ない形=動詞否定普通形を使います。,ない形=動詞否定普通形を使います。,1  不規則(先背),N3,N3|文法,,,,去る+ない | う段  → あ段+ない | う  → わない,例句為模板佔位，非真實例句,flagged,teacher_agent,0.6
G0036,する  → しない,"2  一段動詞(〜る,前面是い∕え音) 👉 去る+ない","2  一段動詞(〜る,前面是い∕え音) 👉 去る+ない","2  一段動詞(〜る,前面是い∕え音) 👉 去る+ない",する  → しないを使います。,する  → しないを使います。,"2  一段動詞(〜る,前面是い∕え音) 👉 去る+ない",N3,N3|文法,,,,去る+ない | う段  → あ段+ない | う  → わない,例句為模板佔位，非真實例句,flagged,teacher_agent,0.6
G0037,くる  → こない,くる  → こない,くる  → こない,くる  → こない,くる  → こないを使います。,くる  → こないを使います。,くる  → こない,N3,N3|文法,,,,去る+ない | う段  → あ段+ない | う  → わない,例句為模板佔位，非真實例句; 意思與句型名稱相同，缺少釋義; 信心分偏低 (0.5),flagged,teacher_agent,0.5
G0038,食べる  → 食べない,3  五段動詞(其他全部) 👉 う段  → あ段+ない,3  五段動詞(其他全部) 👉 う段  → あ段+ない,3  五段動詞(其他全部) 👉 う段  → あ段+ない,食べる  → 食べないを使います。,食べる  → 食べないを使います。,3  五段動詞(其他全部) 👉 う段  → あ段+ない,N3,N3|文法,,,,去る+ない | う段  → あ段+ない | う  → わない,例句為模板佔位，非真實例句,flagged,teacher_agent,0.6
G0039,見る  → 見ない,見る  → 見ない,見る  → 見ない,見る  → 見ない,見る  → 見ないを使います。,見る  → 見ないを使います。,見る  → 見ない,N3,N3|文法,,,,去る+ない | う段  → あ段+ない | う  → わない,例句為模板佔位，非真實例句; 意思與句型名稱相同，缺少釋義; 信心分偏低 (0.5),flagged,teacher_agent,0.5
G0040,⚠ う  → わない,⚠ う  → わない,⚠ う  → わない,⚠ う  → わない,⚠ う  → わないを使います。,⚠ う  → わないを使います。,⚠ う  → わない,N3,N3|文法,,,,去る+ない | う段  → あ段+ない | う  → わない,例句為模板佔位，非真實例句; 意思與句型名稱相同，缺少釋義; 信心分偏低 (0.5),flagged,teacher_agent,0.5
G0041,う く ぐ す つ ぬ ぶ む,例:,例:,例:,う く ぐ す つ ぬ ぶ むを使います。,う く ぐ す つ ぬ ぶ むを使います。,例:,N3,N3|文法,,,,去る+ない | う段  → あ段+ない | う  → わない,例句為模板佔位，非真實例句,flagged,teacher_agent,0.6
G0042,わ か が さ た な ば ま,わ か が さ た な ば ま,わ か が さ た な ば ま,わ か が さ た な ば ま,わ か が さ た な ば まを使います。,わ か が さ た な ば まを使います。,わ か が さ た な ば ま,N3,N3|文法|助詞,,,,去る+ない | う段  → あ段+ない | う  → わない,例句為模板佔位，非真實例句; 意思與句型名稱相同，缺少釋義; 信心分偏低 (0.5),flagged,teacher_agent,0.5
G0043,行く  → 行かない,行く  → 行かない,行く  → 行かない,行く  → 行かない,行く  → 行かないを使います。,行く  → 行かないを使います。,行く  → 行かない,N3,N3|文法,,,,去る+ない | う段  → あ段+ない | う  → わない,例句為模板佔位，非真實例句; 意思與句型名稱相同，缺少釋義; 信心分偏低 (0.5),flagged,teacher_agent,0.5
G0044,読む  → 読まない,日 文 筆 記,日 文 筆 記,日 文 筆 記,読む  → 読まないを使います。,読む  → 読まないを使います。,日 文 筆 記,N3,N3|文法,,,,去る+ない | う段  → あ段+ない | う  → わない,例句為模板佔位，非真實例句,flagged,teacher_agent,0.6
G0045,買う  → 買わない,買う  → 買わない,買う  → 買わない,買う  → 買わない,買う  → 買わないを使います。,買う  → 買わないを使います。,買う  → 買わない,N3,N3|文法,,,,去る+ない | う段  → あ段+ない | う  → わない,例句為模板佔位，非真實例句; 意思與句型名稱相同，缺少釋義; 信心分偏低 (0.5),flagged,teacher_agent,0.5
G0046,ないでください,請不要…（禮貌禁止）,Vない + でください,請不要…（禮貌禁止）,ここでタバコを吸わないでください。,ここでタバコを吸わないでください。,請不要在這裡吸煙。,N4,N3|文法|助詞,,禮貌地要求對方不要做某事,"對自己用 → ないでください 不自然；正式禁止用 てはいけません | 要求對方不要做某事,翻譯為不要",與 なくてもいい（不必）搞反 | 與 なくてもいい（不必）搞反,,corrected,grammar_teacher_agent,0.93
G0047,なければなりません(ならない) /  なければいけません(いけない) /  なきゃ,"表示必須做某事,翻譯為必須","這句型表示無論自己的意願或希望如何, 也必須要這樣做。","表示必須做某事,翻譯為必須",この薬を毎日のまねければならない,この薬を毎日のまねければならない,"表示必須做某事,翻譯為必須",N3,N3|文法,"這句型表示無論自己的意願或希望如何, 也必須要這樣做。",,"要求對方不要做某事,翻譯為不要",,,passed,pdf_extract,0.95
G0048,なくてもいい,不必…；不…也可以,Vない + くてもいい,不必…；不…也可以,靴を脱がなくてもいいです。,靴を脱がなくてもいいです。,不脱鞋也可以。,N4,N3|文法|助詞,日 文 筆 記,表示沒有必要做某事，許可對方不做,"表達「必須」→ 用 なければなりません | 要求對方不要做某事,翻譯為不要",與 ないでください（請不要）意思完全不同 | 與 ないでください（請不要）意思完全不同,,corrected,grammar_teacher_agent,0.95
G0049,"被問到「有沒有某種經驗」時,日文常用  V- たことがある∕ない 來回答",用法:V- たことがあります,沒有經驗(沒做過) 用法一(較口語):V- たことがないです 用法二(較正式∕禮貌):V- たことがありません 會話中常見省略,用法:V- たことがあります,日本へ行ったことがあります,日本へ行ったことがあります,去過日本,N3,N3|文法|助詞,沒有經驗(沒做過) 用法一(較口語):V- たことがないです 用法二(較正式∕禮貌):V- たことがありません 會話中常見省略,「が」一樣可以省略,,,,passed,pdf_extract,0.95
G0050,口語會說成:V- たことあります,普通體(非禮貌體)用法,形式:V- たこと(が)ある 「が」一樣可以省略 日 文 筆 記,普通體(非禮貌體)用法,口語會說成:V- たことありますを使います。,口語會說成:V- たことありますを使います。,普通體(非禮貌體)用法,N3,N3|文法|助詞,形式:V- たこと(が)ある 「が」一樣可以省略 日 文 筆 記,「が」一樣可以省略,,,grammar_point 疑似誤拆（例句/說明文字）; 例句為模板佔位，非真實例句,excluded,teacher_agent,0.6
G0051,~ たり〜たり,列舉幾個代表性動作（不等於全部）,Vた + り、Vた + り + する,列舉幾個代表性動作（不等於全部）,週末は買い物をしたり、映画を見たりします。,週末は買い物をしたり、映画を見たりします。,週末又逛街又看電影之類的。,N4,N3|文法|句型,週末は買い物をしたり、映画を見たりしました,✅ 舉例說明習慣、放假常做的事 | ✅ 有「有時…有時…」語感,❌ 只有兩個動作且強調順序/因果 → 用 て形連接 | 【違い】〜て〜て（ONLY 2） | 【違い】〜て〜て( ONLY 2 ),たり只是列舉例子，不是全部活動；常接 します | たり只是列舉例子，不是全部活動；常接 します | 〜たり〜たり〜👉「列舉幾個例子(不等於全部)」用法,,corrected,grammar_teacher_agent,0.85
G0052,語感重點,表示「這樣做、那樣做」,V て  + 、 V て  + ...,表示「這樣做、那樣做」,例句,例句,表示「這樣做、那樣做」,N3,N3|文法,"動作不是固定順序 常有「有時〜有時〜」的感覺 週末は 👉 映画を見たり、友だちとご飯を食べたりします。 (週末會看看電影、跟朋友吃飯等等) 雨の日は 👉 家で本を読んだり、寝たりします。 (下雨天會看看書、睡睡覺之類的) 🔹 〜て〜て〜👉「動作的連續  / 原因結果  / 同時狀態」用法 語感重點(超重要) 有順序 或是前面是原因,後面是結果 或是同時發生的狀態",是否全部動作 ❌ 只是舉例 ✅ 全部動作 | 是否有順序 ❌ 沒順序 ✅ 有,,語感重點 | 映画を見たり、友だちとご飯を食べたりします。 | 家で本を読んだり、寝たりします。 | 〜て〜て〜👉「動作的連續  / 原因結果  / 同時狀態」用法 | 語感重點(超重要),,passed,pdf_extract,0.95
G0053,常接 します 直接接句子,常接 します 直接接句子,常接 します 直接接句子,常接 します 直接接句子,常接 します 直接接句子を使います。,常接 します 直接接句子を使います。,常接 します 直接接句子,N3,N3|文法,,是否全部動作 ❌ 只是舉例 ✅ 全部動作 | 是否有順序 ❌ 沒順序 ✅ 有,,語感重點 | 映画を見たり、友だちとご飯を食べたりします。 | 家で本を読んだり、寝たりします。 | 〜て〜て〜👉「動作的連續  / 原因結果  / 同時狀態」用法 | 語感重點(超重要),例句為模板佔位，非真實例句; 意思與句型名稱相同，缺少釋義; 信心分偏低 (0.5),flagged,teacher_agent,0.5
G0054,V (辞書形)ことができます,V (辞書形)ことができます,日 文 筆 記,V (辞書形)ことができます,スギーができます  /  日本語ができます,スギーができます  /  日本語ができます,,N3,N3|文法|助詞,日 文 筆 記,,,,意思與句型名稱相同，缺少釋義,flagged,pdf_extract,0.9
G0055,普通形,"包括辞書形、ない形、た形等,用於非正式場合或特定語法構造中",👉 名詞∕な形容詞  + だ 👉 名詞∕な形容詞  + じゃない 👉 名詞∕な形容詞  + だった 👉 名詞∕な形容詞  + じゃなかった,"包括辞書形、ない形、た形等,用於非正式場合或特定語法構造中",普通形を使います。,普通形を使います。,"包括辞書形、ない形、た形等,用於非正式場合或特定語法構造中",N3,N3|文法,1  現在·肯定 学生だ 元気だ 先生だ ⚠ 口語中常常  省略だ 学生(だ) 元気(だ) 2  現在·否定 (比較隨便的說法) 3  過去·肯定 学生だった 元気だった 4  過去·否定 学生じゃなかった 元気じゃなかった 日 文 筆 記,,,名詞∕な形容詞  + だ | 口語中常常  省略だ | 名詞∕な形容詞  + じゃない | 名詞∕な形容詞  + だった | 名詞∕な形容詞  + じゃなかった,grammar_point 疑似誤拆（例句/說明文字）; 例句為模板佔位，非真實例句,excluded,teacher_agent,0.6
G0056,元気じゃない,元気じゃない,元気じゃない,元気じゃない,元気じゃないを使います。,元気じゃないを使います。,元気じゃない,N3,N3|文法,,,,名詞∕な形容詞  + だ | 口語中常常  省略だ | 名詞∕な形容詞  + じゃない | 名詞∕な形容詞  + だった | 名詞∕な形容詞  + じゃなかった,例句為模板佔位，非真實例句; 意思與句型名稱相同，缺少釋義; 信心分偏低 (0.5),flagged,teacher_agent,0.5
G0057,行きませんでした 行かなかった (な形 + なかった)過去否定,行きませんでした 行かなかった (な形 + なかった)過去否定,行きませんでした 行かなかった (な形 + なかった)過去否定,行きませんでした 行かなかった (な形 + なかった)過去否定,行きませんでした 行かなかった (な形 + なかった)過去否定を使います。,行きませんでした 行かなかった (な形 + なかった)過去否定を使います。,行きませんでした 行かなかった (な形 + なかった)過去否定,N3,N3|文法|助詞,,,不能說:高いだ(錯),い形容詞  原形 | い  → くない | い  → かった | い  → くなかった,例句為模板佔位，非真實例句; 意思與句型名稱相同，缺少釋義; 信心分偏低 (0.5),flagged,teacher_agent,0.5
G0058,普通形 + と思います  =   I   THINK   THAT,普通形 + と思います  =   I   THINK   THAT,普通形 + と思います  =   I   THINK   THAT,普通形 + と思います  =   I   THINK   THAT,普通形 + と思います  =   I   THINK   THATを使います。,普通形 + と思います  =   I   THINK   THATを使います。,普通形 + と思います  =   I   THINK   THAT,N3,N3|文法|助詞,,,,「你對〜有什麼看法?」 | 「你怎麼看〜?」,grammar_point 疑似誤拆（例句/說明文字）; 例句為模板佔位，非真實例句; 意思與句型名稱相同，缺少釋義; 信心分偏低 (0.5),excluded,teacher_agent,0.5
G0059,あした雨が降ると思います,あした雨が降ると思います,あした雨が降ると思います,あした雨が降ると思います,あした雨が降ると思いますを使います。,あした雨が降ると思いますを使います。,あした雨が降ると思います,N3,N3|文法|助詞,,,,「你對〜有什麼看法?」 | 「你怎麼看〜?」,例句為模板佔位，非真實例句; 意思與句型名稱相同，缺少釋義; 信心分偏低 (0.5),flagged,teacher_agent,0.5
G0060,てレーザちゃんはもうねたと思います,てレーザちゃんはもうねたと思います,てレーザちゃんはもうねたと思います,てレーザちゃんはもうねたと思います,てレーザちゃんはもうねたと思いますを使います。,てレーザちゃんはもうねたと思いますを使います。,てレーザちゃんはもうねたと思います,N3,N3|文法|助詞,,,,「你對〜有什麼看法?」 | 「你怎麼看〜?」,例句為模板佔位，非真實例句; 意思與句型名稱相同，缺少釋義; 信心分偏低 (0.5),flagged,teacher_agent,0.5
G0061,日本は物価が高いと思います,日本は物価が高いと思います,👉 「你對〜有什麼看法?」 👉 「你怎麼看〜?」 是詢問意見∕想法的標準說法(面試、課堂、討論都很常用),日本は物価が高いと思います,この問題についてどう思いますか例:この映画についてどう思いますか。,この問題についてどう思いますか例:この映画についてどう思いますか。,,N3,N3|文法|助詞,👉 「你對〜有什麼看法?」 👉 「你怎麼看〜?」 是詢問意見∕想法的標準說法(面試、課堂、討論都很常用),,,「你對〜有什麼看法?」 | 「你怎麼看〜?」,意思與句型名稱相同，缺少釋義,flagged,pdf_extract,0.85
G0062,についてどう思いますか,に  表示向誰說,いいました  →  普通形と言いました,に  表示向誰說,父に留学したいと言いました,父に留学したいと言いました,に  表示向誰說,N3,N3|文法|助詞,と言いました 表示有人說過 日 文 筆 記,,,「你對〜有什麼看法?」 | 「你怎麼看〜?」,,passed,pdf_extract,0.95
G0063,〜し〜し,〜し〜し,日 文 筆 記,〜し〜し,この店は安いし、美味しいし、人気があります,この店は安いし、美味しいし、人気があります,,N4,N4|文法|句型,日 文 筆 記,,,,意思與句型名稱相同，缺少釋義,flagged,pdf_extract,0.85
G0064,人は人に〜られます,人は人に〜られます,日 文 筆 記,人は人に〜られます,学生は先生に褒められます,学生は先生に褒められます,,N3,N3|文法|助詞,日 文 筆 記,,,,意思與句型名稱相同，缺少釋義,flagged,pdf_extract,0.9
G0065,人は人に〜を〜られます,人は人に〜を〜られます,日 文 筆 記,人は人に〜を〜られます,私は母に買い物を頼まれます →My mother asks me to do her shopping.,私は母に買い物を頼まれます →My mother asks me to do her shopping.,,N3,N3|文法|助詞,日 文 筆 記,,,,意思與句型名稱相同，缺少釋義,flagged,pdf_extract,0.9
G0066,非情の受身(感情がない),非情の受身(感情がない),非情の受身(感情がない),非情の受身(感情がない),非情の受身(感情がない)を使います。,非情の受身(感情がない)を使います。,非情の受身(感情がない),N3,N3|文法|助詞,,,,,例句為模板佔位，非真實例句; 意思與句型名稱相同，缺少釋義; 信心分偏低 (0.5),flagged,teacher_agent,0.5
G0067,買います → 買わせる、書きます → 書かせる、飲みます → 飲ませる,買います → 買わせる、書きます → 書かせる、飲みます → 飲ませる,日 文 筆 記,買います → 買わせる、書きます → 書かせる、飲みます → 飲ませる,買います → 買わせる、書きます → 書かせる、飲みます → 飲ませるを使います。,買います → 買わせる、書きます → 書かせる、飲みます → 飲ませるを使います。,買います → 買わせる、書きます → 書かせる、飲みます → 飲ませる,N3,N3|文法,日 文 筆 記,,,,grammar_point 疑似誤拆（例句/說明文字）; 例句為模板佔位，非真實例句; 意思與句型名稱相同，缺少釋義,excluded,teacher_agent,0.6
G0068,んですか( IMPORTANT ),說明與解釋理由的表達方式,V (普通形) + んです い形容詞 + んです な形容詞 + んです N な + んです,說明與解釋理由的表達方式,んですか( IMPORTANT )を使います。,んですか( IMPORTANT )を使います。,說明與解釋理由的表達方式,N3,N3|文法|助詞,1用於根據您所看到或聽到的內容做出假設並確認它們 日 文 筆 記,,,,例句為模板佔位，非真實例句,flagged,teacher_agent,0.6
G0069,"3 どうして+んですか → 用於帶有驚訝的心情,並要求對方說明理由時。","3 どうして+んですか → 用於帶有驚訝的心情,並要求對方說明理由時。",5〜んですが、〜たらいいですか 〜がいいですよ / 〜たらいいですよ,"3 どうして+んですか → 用於帶有驚訝的心情,並要求對方說明理由時。",使い方がわからないんですがだれにきいたらいいですか? A さんにきけばいいですよ。,使い方がわからないんですがだれにきいたらいいですか? A さんにきけばいいですよ。,"3 どうして+んですか → 用於帶有驚訝的心情,並要求對方說明理由時。",N3,N3|文法|助詞,4 どうしたんですか → 說明、詢問以及關心對方狀況時的用法 日 文 筆 記,,,,grammar_point 疑似誤拆（例句/說明文字）; 意思與句型名稱相同，缺少釋義,excluded,pdf_extract,0.85
G0070,可能性,省流 : 可能形  = 表示「有能力做某事」或「有條件可以做某事」,食べる  → 食べられる(能吃) 行く  → 行ける(能去) 話す  → 話せる(會說) → 我會說日文 → 這裡可以拍照 → 明天能見面嗎?,省流 : 可能形  = 表示「有能力做某事」或「有條件可以做某事」,可能性を使います。,可能性を使います。,省流 : 可能形  = 表示「有能力做某事」或「有條件可以做某事」,N3,N3|文法,一、可能動詞是什麼? 👉 用來表達能力、條件允許、可能性 例: 1  能力 2  環境允許 3  條件允許 日 文 筆 記,省流 : 可能形  = 表示「有能力做某事」或「有條件可以做某事」 | → 這裡可以拍照,,用來表達能力、條件允許、可能性,例句為模板佔位，非真實例句,flagged,teacher_agent,0.6
G0071,明日会えますか?,明日会えますか?,明日会えますか?,明日会えますか?,明日会えますか?を使います。,明日会えますか?を使います。,明日会えますか?,N3,N3|文法,,省流 : 可能形  = 表示「有能力做某事」或「有條件可以做某事」 | → 這裡可以拍照,,用來表達能力、條件允許、可能性,例句為模板佔位，非真實例句; 意思與句型名稱相同，缺少釋義; 信心分偏低 (0.5),flagged,teacher_agent,0.5
G0072,行ける  → 行けます,行ける  → 行けます,行ける  → 行けます,行ける  → 行けます,行ける  → 行けますを使います。,行ける  → 行けますを使います。,行ける  → 行けます,N3,N3|文法,,日本語が話せます  ⭕,日本語を話せます  ❌,"二、可能動詞的變化規則(重點) | 把  る 改成  られる | 口語中常省略「ら」(ら抜き言葉) | 會話可用,但考試、正式文章不建議。 | 把  う段 改成  え段  +  る",grammar_point 疑似誤拆（例句/說明文字）; 例句為模板佔位，非真實例句; 意思與句型名稱相同，缺少釋義; 信心分偏低 (0.5),excluded,teacher_agent,0.5
G0073,四、可能動詞  vs 「〜ことができる」,"兩個都表示「能夠」,但用法不同:",パーティーにジュースを持って来ることができますか  →  パーティーにジュースを持ってこられますか,"兩個都表示「能夠」,但用法不同:",四、可能動詞  vs 「〜ことができる」を使います。,四、可能動詞  vs 「〜ことができる」を使います。,"兩個都表示「能夠」,但用法不同:",N3,N3|文法|助詞,"用法 說明 例子 可能動詞日常、自然日本語が話せる〜ことができる正式、書面日本語を話すことができる 👉 會話優先用  可能動詞 五、常見錯誤提醒  ⚠ 1. ❌ 食べることが食べられる 2. ❌ を不改成が 3. ❌ 混用被動形(食べられる  ≠ 一定是被動,要看語境) 例: 日 文 筆 記",,"五、常見錯誤提醒  ⚠ | 1. ❌ 食べることが食べられる | 2. ❌ を不改成が | 3. ❌ 混用被動形(食べられる  ≠ 一定是被動,要看語境)",會話優先用  可能動詞,grammar_point 疑似誤拆（例句/說明文字）; 例句為模板佔位，非真實例句,excluded,teacher_agent,0.6
G0074,"「見えます」「聞こえます」不是主觀意志,而是自然能看到∕聽到","「見えます」「聞こえます」不是主觀意志,而是自然能看到∕聽到","「見えます」「聞こえます」不是主觀意志,而是自然能看到∕聽到","「見えます」「聞こえます」不是主觀意志,而是自然能看到∕聽到","「見えます」「聞こえます」不是主觀意志,而是自然能看到∕聽到を使います。","「見えます」「聞こえます」不是主觀意志,而是自然能看到∕聽到を使います。","「見えます」「聞こえます」不是主觀意志,而是自然能看到∕聽到",N3,N3|文法,,,"五、常見錯誤提醒  ⚠ | 1. ❌ 食べることが食べられる | 2. ❌ を不改成が | 3. ❌ 混用被動形(食べられる  ≠ 一定是被動,要看語境)",會話優先用  可能動詞,例句為模板佔位，非真實例句; 意思與句型名稱相同，缺少釋義; 信心分偏低 (0.5),flagged,teacher_agent,0.5
G0075,自動詞がています,自動詞がています,自動詞がています,自動詞がています,自動詞がていますを使います。,自動詞がていますを使います。,自動詞がています,N3,N3|文法|助詞,,,,,例句為模板佔位，非真實例句; 意思與句型名稱相同，缺少釋義; 信心分偏低 (0.5),flagged,teacher_agent,0.5
G0076,一、意向形是做什麼用的?,󾠮 表達「自己的打算、意圖」,有點像英文的  I’ll / I’m going to 行こう 👉 我要去 食べよう 👉 我要吃 今日は早く寝よう 👉 今天打算早點睡 👉 重點:是說話當下形成的想法或決定 󾠯 用來「邀請、提議(一起做)」 很像中文的「一起〜吧」 一緒に帰ろう 👉 一起回去吧 映画を見よう 👉 看電影吧 󾠰 常見固定句型🔹 意向形+と思う 👉「打算要〜」 👉 我打算去日本 🔹 意向形+とする 👉「正要〜∕試著要〜」 日 文 筆 記,󾠮 表達「自己的打算、意圖」,一、意向形是做什麼用的?を使います。,一、意向形是做什麼用的?を使います。,󾠮 表達「自己的打算、意圖」,N3,N3|文法,有點像英文的  I’ll / I’m going to 行こう 👉 我要去 食べよう 👉 我要吃 今日は早く寝よう 👉 今天打算早點睡 👉 重點:是說話當下形成的想法或決定 󾠯 用來「邀請、提議(一起做)」 很像中文的「一起〜吧」 一緒に帰ろう 👉 一起回去吧 映画を見よう 👉 看電影吧 󾠰 常見固定句型🔹 意向形+と思う 👉「打算要〜」 👉 我打算去日本 🔹 意向形+とする 👉「正要〜∕試著要〜」 日 文 筆 記,,,我要去 | 我要吃 | 今天打算早點睡 | 重點:是說話當下形成的想法或決定 | 一起回去吧,例句為模板佔位，非真實例句,flagged,teacher_agent,0.6
G0077,日本へ行こうと思っています,日本へ行こうと思っています,日本へ行こうと思っています,日本へ行こうと思っています,日本へ行こうと思っていますを使います。,日本へ行こうと思っていますを使います。,日本へ行こうと思っています,N3,N3|文法|助詞,,,,我要去 | 我要吃 | 今天打算早點睡 | 重點:是說話當下形成的想法或決定 | 一起回去吧,例句為模板佔位，非真實例句; 意思與句型名稱相同，缺少釋義; 信心分偏低 (0.5),flagged,teacher_agent,0.5
G0078,〜つもりです,〜つもりです,〜つもりです,〜つもりです,〜つもりです の例文です。,〜つもりです の例文です。,〜つもりです,N4,N4|文法|句型|助詞,,,意向形  ≠ 已經決定很久的計畫,"正要出門時,下雨了 | 三、常見誤會  ⚠ | 如果是很明確的計畫,日文更常用:",例句為模板佔位，非真實例句; 意思與句型名稱相同，缺少釋義; 信心分偏低 (0.5),flagged,teacher_agent,0.5
G0079,スゲージュルがあります、皆と一緒に決めること,スゲージュルがあります、皆と一緒に決めること,スゲージュルがあります、皆と一緒に決めること,スゲージュルがあります、皆と一緒に決めること,私は車があります。,わたしはくるまがあります。,我有車。,N5,N5|文法|助詞,,,,,意思與句型名稱相同，缺少釋義; 信心分偏低 (0.5),flagged,teacher_agent,0.5
G0080,ほうがいいです,ほうがいいです,日 文 筆 記,ほうがいいです,ほうがいいですを使います。,ほうがいいですを使います。,ほうがいいです,N3,N3|文法|助詞,日 文 筆 記,,,,例句為模板佔位，非真實例句; 意思與句型名稱相同，缺少釋義,flagged,teacher_agent,0.6
G0081,用來表示對還不清楚的事情的推測。 → でしょう、かもしれません,用來表示對還不清楚的事情的推測。 → でしょう、かもしれません,でしょう  + Positive/Negative,用來表示對還不清楚的事情的推測。 → でしょう、かもしれません,"平常對話中較少使用,但電視上的專家常會使用,是較正式的說法,天氣新聞中很常見。","平常對話中較少使用,但電視上的專家常會使用,是較正式的說法,天氣新聞中很常見。",用來表示對還不清楚的事情的推測。 → でしょう、かもしれません,N3,N3|文法|助詞,日 文 筆 記,,,,意思與句型名稱相同，缺少釋義,flagged,pdf_extract,0.85
G0082,かもしれません  + Negative,かもしれません  + Negative,日 文 筆 記,かもしれません  + Negative,かもしれません  + Negativeを使います。,かもしれません  + Negativeを使います。,かもしれません  + Negative,N3,N3|文法|助詞,日 文 筆 記,,,,例句為模板佔位，非真實例句; 意思與句型名稱相同，缺少釋義,flagged,teacher_agent,0.6
G0083,3. 危ない時  →   Dangerous situation,2. 男性同士(女性も使うこともある) →   Conversation between men ( Sometimes used by women ),2. 男性同士(女性も使うこともある) →   Conversation between men ( Sometimes used by women ),2. 男性同士(女性も使うこともある) →   Conversation between men ( Sometimes used by women ),3. 危ない時  →   Dangerous situationを使います。,3. 危ない時  →   Dangerous situationを使います。,2. 男性同士(女性も使うこともある) →   Conversation between men ( Sometimes used by women ),N3,N3|文法,日 文 筆 記,,,,例句為模板佔位，非真實例句,flagged,teacher_agent,0.6
G0084,ひまなら いっしょにふじさんにいきませんか。,"(如果有空的話,要不要一起去富士山?)","(如果有空的話,要不要一起去富士山?)","(如果有空的話,要不要一起去富士山?)",ひまなら いっしょにふじさんにいきませんか。を使います。,ひまなら いっしょにふじさんにいきませんか。を使います。,"(如果有空的話,要不要一起去富士山?)",N3,N3|文法|助詞,,,"(如果有空的話,要不要一起去富士山?) | (如果下雨的話,要不要一起去看電影?)",,例句為模板佔位，非真實例句; 信心分偏低 (0.5),flagged,teacher_agent,0.5
G0085,あめなら いっしょにえいがをみにいきませんか。,"(如果下雨的話,要不要一起去看電影?)",「〜ば」的兩大主要用法 表示前提條件:前面的子句是後面主要句子發生所需的前提。 用來回應對方的發言或情況:針對對方的現狀給予建議或回應。,"(如果下雨的話,要不要一起去看電影?)",例1: ボタンを  押せば、窓が開きます。,例1: ボタンを  押せば、窓が開きます。,"按鈕按下的話,窗戶會打開。",N3,N3|文法|助詞,「〜ば」的兩大主要用法 表示前提條件:前面的子句是後面主要句子發生所需的前提。 用來回應對方的發言或情況:針對對方的現狀給予建議或回應。,,"(如果有空的話,要不要一起去富士山?) | (如果下雨的話,要不要一起去看電影?)",,,passed,pdf_extract,0.95
G0086,ボールペンがないんですが。,"ボールペンがなければ、鉛筆で書いてください。(如果沒有原子筆的話,請用鉛筆寫。)","ボールペンがなければ、鉛筆で書いてください。(如果沒有原子筆的話,請用鉛筆寫。)","ボールペンがなければ、鉛筆で書いてください。(如果沒有原子筆的話,請用鉛筆寫。)",例6:,例6:,"ボールペンがなければ、鉛筆で書いてください。(如果沒有原子筆的話,請用鉛筆寫。)",N3,N3|文法|助詞,,,"(如果有空的話,要不要一起去富士山?) | (如果下雨的話,要不要一起去看電影?)",,,passed,pdf_extract,0.88
G0087,無理なら金曜日までに出してください,無理なら金曜日までに出してください,無理なら金曜日までに出してください,無理なら金曜日までに出してください,無理なら金曜日までに出してくださいを使います。,無理なら金曜日までに出してくださいを使います。,無理なら金曜日までに出してください,N3,N3|文法|助詞,,,"(如果有空的話,要不要一起去富士山?) | (如果下雨的話,要不要一起去看電影?)",,例句為模板佔位，非真實例句; 意思與句型名稱相同，缺少釋義; 信心分偏低 (0.5),flagged,teacher_agent,0.5
G0088,條件句的限制與規則  ( 意志 / 希望 / 命令 / 請求 ),條件句的限制與規則  ( 意志 / 希望 / 命令 / 請求 ),"「〜と」:最嚴格 特徵: 表示「必然發生的結果」。 限制: 主要子句(後半句)不能出現意志、希望、命令、請求等主觀語氣。 常見主觀語氣包含: 〜しよう , 〜つもりだ(意志)、〜しなさい(命令)、〜しましょう(勸誘)、〜してください(請求)、〜したい , 〜ほしい(願望)。 「〜ば」:有條件開放 原則上,後半句也不太接主觀語氣,但滿足以下任一條件時可以接: 1. 前後句主語不同時: 如例2,主語分別是「他」和「我」。 2. 前句的述語是狀態性動詞或形容詞時: 或是前句使用條件形(如例3、5)。 「〜たら」:最寬鬆、最萬用 特徵: 可表示假設,也可表示「條件達成後的動作」。 語法: 可以隨意連接意志、希望、命令、請求等語氣。 注意: 此句不能用「〜と」或「〜ば」,因為「請聯絡我」是強烈請求。 日 文 筆 記",條件句的限制與規則  ( 意志 / 希望 / 命令 / 請求 ),ここを押すと、ドアが開きます,ここを押すと、ドアが開きます,"如果田中先生來東京,我就去見他。",N3,N3|文法,"「〜と」:最嚴格 特徵: 表示「必然發生的結果」。 限制: 主要子句(後半句)不能出現意志、希望、命令、請求等主觀語氣。 常見主觀語氣包含: 〜しよう , 〜つもりだ(意志)、〜しなさい(命令)、〜しましょう(勸誘)、〜してください(請求)、〜したい , 〜ほしい(願望)。 「〜ば」:有條件開放 原則上,後半句也不太接主觀語氣,但滿足以下任一條件時可以接: 1. 前後句主語不同時: 如例2,主語分別是「他」和「我」。 2. 前句的述語是狀態性動詞或形容詞時: 或是前句使用條件形(如例3、5)。 「〜たら」:最寬鬆、最萬用 特徵: 可表示假設,也可表示「條件達成後的動作」。 語法: 可以隨意連接意志、希望、命令、請求等語氣。 注意: 此句不能用「〜と」或「〜ば」,因為「請聯絡我」是強烈請求。 日 文 筆 記","原則上,後半句也不太接主觀語氣,但滿足以下任一條件時可以接: | 語法: 可以隨意連接意志、希望、命令、請求等語氣。","注意: 此句不能用「〜と」或「〜ば」,因為「請聯絡我」是強烈請求。",條件句的限制與規則  ( 意志 / 希望 / 命令 / 請求 ) | 限制: 主要子句(後半句)不能出現意志、希望、命令、請求等主觀語氣。,意思與句型名稱相同，缺少釋義,flagged,pdf_extract,0.9
G0089,〜ばいいですか:用來向對方詢問建議或指示。用法等同於之前學過的  「〜たらいいですか」。,〜ばいいですか:用來向對方詢問建議或指示。用法等同於之前學過的  「〜たらいいですか」。,〜ばいいですか:用來向對方詢問建議或指示。用法等同於之前學過的  「〜たらいいですか」。,〜ばいいですか:用來向對方詢問建議或指示。用法等同於之前學過的  「〜たらいいですか」。,本を借りたいんですが、どうすればいいですか,本を借りたいんですが、どうすればいいですか,,N4,N4|文法|句型|助詞,,,,"【重點例句】 | 小撇步:如果前面是「この、その、あの」等指示詞,直接接  とおりに  即可(例如:この  とおりに  = 照這樣做)。",意思與句型名稱相同，缺少釋義,flagged,pdf_extract,0.8
G0090,客氣詢問:〜はありませんか  ( 否定疑問句 ),"與「〜はありますか」意思相同,但口氣更為委婉、客氣。","優點: 這種問法預留了「否定」的空間,讓對方在沒有(或無法提供)建議時,比較容易開口拒絕,減少尷尬。","與「〜はありますか」意思相同,但口氣更為委婉、客氣。",例句: どこかいい所はありませんか。,例句: どこかいい所はありませんか。,有沒有什麼推薦的好地方呢?,N3,N3|文法|助詞,"優點: 這種問法預留了「否定」的空間,讓對方在沒有(或無法提供)建議時,比較容易開口拒絕,減少尷尬。",,,"【重點例句】 | 小撇步:如果前面是「この、その、あの」等指示詞,直接接  とおりに  即可(例如:この  とおりに  = 照這樣做)。",,passed,pdf_extract,0.95
G0091,N なら,這個句型用於表達「不走樣地、完全依照前者的樣子」去做後面的動作。,動詞: 動詞  た形 + とおりに 名詞: 名詞  の + とおりに,這個句型用於表達「不走樣地、完全依照前者的樣子」去做後面的動作。,温泉に行きたいんですが、どこがいいですか,温泉に行きたいんですが、どこがいいですか,這個句型用於表達「不走樣地、完全依照前者的樣子」去做後面的動作。,N3,N3|文法,温泉なら、白馬がいいですよ とおりに(照著 ... 做  / 如同 ... 地) 強調先後順序或前提條件。通常隱含「沒做  A 就不能做  B 」的意思。,,,"【重點例句】 | 小撇步:如果前面是「この、その、あの」等指示詞,直接接  とおりに  即可(例如:この  とおりに  = 照這樣做)。",,passed,pdf_extract,0.95
G0092,1. わたしが  やった  とおりに、やって  ください。,請照著我剛才做的方式去做。,請照著我剛才做的方式去做。,請照著我剛才做的方式去做。,1. わたしが  やった  とおりに、やって  ください。を使います。,1. わたしが  やった  とおりに、やって  ください。を使います。,請照著我剛才做的方式去做。,N3,N3|文法|助詞,,,,"【重點例句】 | 小撇步:如果前面是「この、その、あの」等指示詞,直接接  とおりに  即可(例如:この  とおりに  = 照這樣做)。",grammar_point 疑似誤拆（例句/說明文字）; 例句為模板佔位，非真實例句; 信心分偏低 (0.5),excluded,teacher_agent,0.5
G0093,2. 見た  とおりに、話して  ください。,請如實敘述你所看到的(看見什麼就說什麼)。,請如實敘述你所看到的(看見什麼就說什麼)。,請如實敘述你所看到的(看見什麼就說什麼)。,2. 見た  とおりに、話して  ください。を使います。,2. 見た  とおりに、話して  ください。を使います。,請如實敘述你所看到的(看見什麼就說什麼)。,N3,N3|文法|助詞,,,,"【重點例句】 | 小撇步:如果前面是「この、その、あの」等指示詞,直接接  とおりに  即可(例如:この  とおりに  = 照這樣做)。",例句為模板佔位，非真實例句; 信心分偏低 (0.5),flagged,teacher_agent,0.5
G0094,3. 線の  とおりに、紙を  切って  ください。,請沿著這條線剪紙。,"4. 説明書の  とおりに、組み立てました。 我按照說明書組裝好了。 💡 小撇步:如果前面是「この、その、あの」等指示詞,直接接  とおりに  即可(例如:この  とおりに  = 照這樣做)。 日 文 筆 記",請沿著這條線剪紙。,4. 説明書の  とおりに、組み立てました。,4. 説明書の  とおりに、組み立てました。,請沿著這條線剪紙。,N3,N3|文法|助詞,"4. 説明書の  とおりに、組み立てました。 我按照說明書組裝好了。 💡 小撇步:如果前面是「この、その、あの」等指示詞,直接接  とおりに  即可(例如:この  とおりに  = 照這樣做)。 日 文 筆 記",,,"【重點例句】 | 小撇步:如果前面是「この、その、あの」等指示詞,直接接  とおりに  即可(例如:この  とおりに  = 照這樣做)。",,corrected,grammar_teacher_agent,0.75
G0095,〜あとで(在 ... 之後),"表達在某個動作或事情結束後,接著進行下一個動作。",動詞: 動詞  た形 + あとで 名詞: 名詞  の + あとで,"表達在某個動作或事情結束後,接著進行下一個動作。","強調單純的時間順序,不管前一個動作跟後一個動作有沒有因果關係。","強調單純的時間順序,不管前一個動作跟後一個動作有沒有因果關係。","表達在某個動作或事情結束後,接著進行下一個動作。",N4,N4|文法|句型|助詞,"強調單純的時間順序,不管前一個動作跟後一個動作有沒有因果關係。 新しいのを  買った  あとで、なくした  時計が  見つかりました。 買了新的之後,丟失的手錶竟然找到了。",,"下班之後,要不要去喝一杯?",【重點例句】,,corrected,grammar_teacher_agent,0.75
G0096,仕事の  あとで、飲みに行きませんか。,"下班之後,要不要去喝一杯?",意志動詞 / 無意志動詞 日 文 筆 記,"下班之後,要不要去喝一杯?",仕事の  あとで、飲みに行きませんか。を使います。,仕事の  あとで、飲みに行きませんか。を使います。,"下班之後,要不要去喝一杯?",N3,N3|文法|助詞,意志動詞 / 無意志動詞 日 文 筆 記,,"下班之後,要不要去喝一杯?",【重點例句】,例句為模板佔位，非真實例句,flagged,teacher_agent,0.6
G0097,ように ( 請先看意志動詞 / 無意志動詞,ように ( 請先看意志動詞 / 無意志動詞,日 文 筆 記,ように ( 請先看意志動詞 / 無意志動詞,ように ( 請先看意志動詞 / 無意志動詞を使います。,ように ( 請先看意志動詞 / 無意志動詞を使います。,ように ( 請先看意志動詞 / 無意志動詞,N3,N3|文法|助詞,日 文 筆 記,,,,例句為模板佔位，非真實例句; 意思與句型名稱相同，缺少釋義,flagged,teacher_agent,0.6
G0098,日 文 筆 記,"這句型用來表示目的。  →  ように-「ように」前面的部分,是「ように」後面的動作或者行為的結果,表示希望達成的狀態",日 文 筆 記,"這句型用來表示目的。  →  ように-「ように」前面的部分,是「ように」後面的動作或者行為的結果,表示希望達成的狀態",日 文 筆 記を使います。,日 文 筆 記を使います。,"這句型用來表示目的。  →  ように-「ように」前面的部分,是「ように」後面的動作或者行為的結果,表示希望達成的狀態",N3,N3|文法,日 文 筆 記,,,,grammar_point 疑似誤拆（例句/說明文字）; 例句為模板佔位，非真實例句,excluded,teacher_agent,0.6
G0099,這句型表示改變、變化  →  ようになりました,這句型表示改變、變化  →  ようになりました,日 文 筆 記,這句型表示改變、變化  →  ようになりました,這句型表示改變、變化  →  ようになりましたを使います。,這句型表示改變、變化  →  ようになりましたを使います。,這句型表示改變、變化  →  ようになりました,N3,N3|文法|助詞,日 文 筆 記,,,,例句為模板佔位，非真實例句; 意思與句型名稱相同，缺少釋義,flagged,teacher_agent,0.6
G0100,有意識的持續某個習慣行為 → ようにしています,有意識的持續某個習慣行為 → ようにしています,有意識的持續某個習慣行為 → ようにしています,有意識的持續某個習慣行為 → ようにしています,どんなスポーツが好きですか。 サッカーが好きです。,どんなスポーツが好きですか。 サッカーが好きです。,,N3,N3|文法|助詞,,,,,grammar_point 疑似誤拆（例句/說明文字）; 意思與句型名稱相同，缺少釋義,excluded,pdf_extract,0.75
G0101,どんな,どんな,日 文 筆 記,どんな,どんなを使います。,どんなを使います。,どんな,N3,N3|文法,日 文 筆 記,,,,例句為模板佔位，非真實例句; 意思與句型名稱相同，缺少釋義,flagged,teacher_agent,0.6
G0102,ながら,ながら,ながら,ながら,ながらを使います。,ながらを使います。,ながら,N3,N3|文法|助詞,,,,,例句為模板佔位，非真實例句; 意思與句型名稱相同，缺少釋義; 信心分偏低 (0.5),flagged,teacher_agent,0.5
G0103,程度副詞 :,👉 用來表示「懂到什麼程度  / 做到什麼程度」,肯定 副詞 例句 中文意思 否定,👉 用來表示「懂到什麼程度  / 做到什麼程度」,程度副詞 :を使います。,程度副詞 :を使います。,👉 用來表示「懂到什麼程度  / 做到什麼程度」,N3,N3|文法,肯定 副詞 例句 中文意思 否定,,,用來表示「懂到什麼程度  / 做到什麼程度」,例句為模板佔位，非真實例句,flagged,teacher_agent,0.6
G0104,すこし すこし  わかります 懂一點,副詞 例句 中文意思,頻率副詞 :,副詞 例句 中文意思,すこし すこし  わかります 懂一點を使います。,すこし すこし  わかります 懂一點を使います。,副詞 例句 中文意思,N3,N3|文法,頻率副詞 :,,,用來表示「懂到什麼程度  / 做到什麼程度」,例句為模板佔位，非真實例句,flagged,teacher_agent,0.6
G0105,なんか,表示數量多寡,肯定 副詞 例句 中文意思 否定,表示數量多寡,なんかを使います。,なんかを使います。,表示數量多寡,N3,N3|文法,肯定 副詞 例句 中文意思 否定,,,用來表示「懂到什麼程度  / 做到什麼程度」,例句為模板佔位，非真實例句,flagged,teacher_agent,0.6
G0106,すこし すこし  あります 有一點,副詞 例句 中文意思,日 文 筆 記,副詞 例句 中文意思,すこし すこし  あります 有一點を使います。,すこし すこし  あります 有一點を使います。,副詞 例句 中文意思,N3,N3|文法,日 文 筆 記,,,用來表示「懂到什麼程度  / 做到什麼程度」,例句為模板佔位，非真實例句,flagged,teacher_agent,0.6
G0107,ぜんぜん ぜんぜん  ありません 完全沒有,ぜんぜん ぜんぜん  ありません 完全沒有,ぜんぜん ぜんぜん  ありません 完全沒有,ぜんぜん ぜんぜん  ありません 完全沒有,ぜんぜん ぜんぜん  ありません 完全沒有を使います。,ぜんぜん ぜんぜん  ありません 完全沒有を使います。,ぜんぜん ぜんぜん  ありません 完全沒有,N3,N3|文法,,,,用來表示「懂到什麼程度  / 做到什麼程度」,例句為模板佔位，非真實例句; 意思與句型名稱相同，缺少釋義; 信心分偏低 (0.5),flagged,teacher_agent,0.5
G0108,~ から〜( because),"どうして( Ask Question, use から to answer)","どうして( Ask Question, use から to answer)","どうして( Ask Question, use から to answer)",時間がありませんから、新聞をよみません。,時間がありませんから、新聞をよみません。,"どうして( Ask Question, use から to answer)",N3,N3|文法|句型,時  WHEN 日 文 筆 記,,,,,passed,pdf_extract,0.9
G0109,~ なる,"表示狀態的變化,翻譯為「變得 ... ∕成為 ...」",い形容詞  +  くなる な形容詞 + になる N   +  になる,"表示狀態的變化,翻譯為「變得 ... ∕成為 ...」","表示人或事物的狀態自然變化,變成不同的狀態。","表示人或事物的狀態自然變化,變成不同的狀態。","表示狀態的變化,翻譯為「變得 ... ∕成為 ...」",N3,N3|文法|句型,"表示人或事物的狀態自然變化,變成不同的狀態。 表示人或物的狀態自然變化,變成另一種東西。 化粧をして綺麗になりました 日 文 筆 記",,,,,corrected,grammar_teacher_agent,0.75
G0110,と  VS  や〜などがあります,と  VS  や〜などがあります,と  VS  や〜などがあります,と  VS  や〜などがあります,私は車があります。,わたしはくるまがあります。,我有車。,N5,N5|文法|助詞,,,,,意思與句型名稱相同，缺少釋義; 信心分偏低 (0.5),flagged,teacher_agent,0.5
G0111,"名詞修飾是指在名詞前面加上修飾語,來更清楚地說明這個名詞主要是用來表示「是怎樣的名詞」","名詞修飾是指在名詞前面加上修飾語,來更清楚地說明這個名詞主要是用來表示「是怎樣的名詞」",V (普通形)  +   N い形容詞い +  N な形容詞な +  N N の +  N,"名詞修飾是指在名詞前面加上修飾語,來更清楚地說明這個名詞主要是用來表示「是怎樣的名詞」",これは彼にもらった花です,これは彼にもらった花です,"名詞修飾是指在名詞前面加上修飾語,來更清楚地說明這個名詞主要是用來表示「是怎樣的名詞」",N3,N3|文法,,,,• 範例:    ◦ 田中  という  人  から電話がありました。    ◦ 中文:有一位「叫做」田中的人打電話來。• 功能:給後面的名詞貼上一個名字標籤。💡 總結比較用法中文語感你的題目例子內容說明...,意思與句型名稱相同，缺少釋義,flagged,pdf_extract,0.9
G0112,という,"1. 內容的說明(引用包裹)像你第一題看到的  〜ということを。它用來引出前面的具體內容,把⻑⻑的句子「打包」成一個名詞。• 結構:[ 句子  ] + という + [ 名詞  ( 如:こと、内容、噂 ) ]",這件事  / 內容是 ...どうしてほしいか  ということを ( 希望怎麼做這件事)觀點限定在 ... 這點上,"1. 內容的說明(引用包裹)像你第一題看到的  〜ということを。它用來引出前面的具體內容,把⻑⻑的句子「打包」成一個名詞。• 結構:[ 句子  ] + という + [ 名詞  ( 如:こと、内容、噂 ) ]","範例:    ◦ 明日テストがある  という  こと  を  知っていますか。    ◦ 中文:你知道「明天有考試」這件事嗎?• 功能:這裡的「という」就像一個括號,告訴你這件事的詳細內容是什麼。2. 具體的定義或面向","範例:    ◦ 明日テストがある  という  こと  を  知っていますか。    ◦ 中文:你知道「明天有考試」這件事嗎?• 功能:這裡的「という」就像一個括號,告訴你這件事的詳細內容是什麼。2. 具體的定義或面向",限定焦點,N3,N3|文法|助詞,,,,• 範例:    ◦ 田中  という  人  から電話がありました。    ◦ 中文:有一位「叫做」田中的人打電話來。• 功能:給後面的名詞貼上一個名字標籤。💡 總結比較用法中文語感你的題目例子內容說明...,,passed,pdf_extract,0.95
G0113,就 ... 而言友情がテーマになっている  という点で (在主題是友情這點上)名稱標籤,就 ... 而言友情がテーマになっている  という点で (在主題是友情這點上)名稱標籤,就 ... 而言友情がテーマになっている  という点で (在主題是友情這點上)名稱標籤,就 ... 而言友情がテーマになっている  という点で (在主題是友情這點上)名稱標籤,就 ... 而言友情がテーマになっている  という点で (在主題是友情這點上)名稱標籤を使います。,就 ... 而言友情がテーマになっている  という点で (在主題是友情這點上)名稱標籤を使います。,就 ... 而言友情がテーマになっている  という点で (在主題是友情這點上)名稱標籤,N4,N4|文法|助詞,,,,• 範例:    ◦ 田中  という  人  から電話がありました。    ◦ 中文:有一位「叫做」田中的人打電話來。• 功能:給後面的名詞貼上一個名字標籤。💡 總結比較用法中文語感你的題目例子內容說明...,例句為模板佔位，非真實例句; 意思與句型名稱相同，缺少釋義; 信心分偏低 (0.5),flagged,teacher_agent,0.5
G0114,〜たら,〜たら,日 文 筆 記,〜たら,お金がたくさんあったら、大きいうちがほしいです,お金がたくさんあったら、大きいうちがほしいです,,N4,N4|文法|句型,日 文 筆 記,,,,意思與句型名稱相同，缺少釋義,flagged,pdf_extract,0.9
G0115,ても,「 A ても B 」表示一種「逆向假設∕出乎意料的結果」。,V て形 + も N+ でも,「 A ても B 」表示一種「逆向假設∕出乎意料的結果」。,雨がふっても旅行に行きます,雨がふっても旅行に行きます,「 A ても B 」表示一種「逆向假設∕出乎意料的結果」。,N3,N3|文法|助詞,"意思是: 照理說如果  A 成立,那麼  B 應該也會成立,但實際上卻沒有發生( B 不成立)。 也就是「即使發生了  A ,結果卻和一般預期相反」。 い形容詞い+ くても な形容詞な+ でも",,,,,passed,pdf_extract,0.95
G0116,N のために,N のために,V 辞書形 ために、 日 文 筆 記,N のために,家を買うために、一生懸命働きます,家を買うために、一生懸命働きます,,N3,N3|文法|助詞,V 辞書形 ために、 日 文 筆 記,,,,意思與句型名稱相同，缺少釋義,flagged,pdf_extract,0.9
G0117,〜のに(よくつかいます,〜のに(よくつかいます,日 文 筆 記,〜のに(よくつかいます,〜のに(よくつかいます の例文です。,〜のに(よくつかいます の例文です。,〜のに(よくつかいます,N4,N4|文法|句型|助詞,日 文 筆 記,,,,例句為模板佔位，非真實例句; 意思與句型名稱相同，缺少釋義,flagged,teacher_agent,0.6
G0118,のに VS のを,一、のを🔹 基本結構 動詞(普通形)  + の  + を → 我停止「讀書這件事」 「読む」 → 「読むの」 → 變成名詞 → 我看到他跑,一、のを🔹 基本結構 動詞(普通形)  + の  + を → 我停止「讀書這件事」 「読む」 → 「読むの」 → 變成名詞 → 我看到他跑,一、のを🔹 基本結構 動詞(普通形)  + の  + を → 我停止「讀書這件事」 「読む」 → 「読むの」 → 變成名詞 → 我看到他跑,"👉 把「動作」名詞化,變成受詞。","👉 把「動作」名詞化,變成受詞。",一、のを🔹 基本結構 動詞(普通形)  + の  + を → 我停止「讀書這件事」 「読む」 → 「読むの」 → 變成名詞 → 我看到他跑,N3,N3|文法|助詞,"👉 把「動作」名詞化,變成受詞。 1  把動作當成「名詞」✔  例句 本を読む。 本を読むのをやめた。 這裡的 再加「を」當受詞。 2  感官動詞常用 見る 聞く 感じる 手伝う 邪魔する 忘れる ✔  例句 彼が走るのを見た。",,,"把「動作」名詞化,變成受詞。 | 📌 のを  的重點 | 表示「明明 ...... 卻 ...... 」",,corrected,grammar_teacher_agent,0.75
G0119,彼女が泣いているのを聞いた。,✔  常用於「看到  / 聽到  / 阻止  / 忘記」,普通形  + のに,✔  常用於「看到  / 聽到  / 阻止  / 忘記」,"✔  翻譯成「 ...... 這件事」 二、のに 這個比較複雜,因為有兩種用法。","✔  翻譯成「 ...... 這件事」 二、のに 這個比較複雜,因為有兩種用法。",✔  常用於「看到  / 聽到  / 阻止  / 忘記」,N4,N4|文法|助詞,"✔  翻譯成「 ...... 這件事」 二、のに 這個比較複雜,因為有兩種用法。 用法1:逆接(雖然 ... 但是)🔹 結構 👉 表示「明明 ...... 卻 ...... 」 日 文 筆 記",,,"把「動作」名詞化,變成受詞。 | 📌 のを  的重點 | 表示「明明 ...... 卻 ...... 」",,corrected,grammar_teacher_agent,0.75
G0120,雨が降っているのに、出かけた。,用法2:為了(目的),🔹 結構 動詞辞書形  + のに → 這個做菜很方便 → 學日文需要花時間,用法2:為了(目的),這個很多人不知道! 👉 表示用途  / 目的 ✔  例句 これは料理するのに便利だ。,這個很多人不知道! 👉 表示用途  / 目的 ✔  例句 これは料理するのに便利だ。,用法2:為了(目的),N4,N4|文法|助詞,這個很多人不知道! 👉 表示用途  / 目的 ✔  例句 これは料理するのに便利だ。 日本語を勉強するのに時間がかかる。 三、のを  vs のに  比較表,,,🔥 語感重點 | 比「けど」強很多 | 表示用途  / 目的,,corrected,grammar_teacher_agent,0.75
G0121,のを のに,功能 名詞化  + 受詞 逆接  / 目的,→ 在等「他來這件事」 → 他來需要花時間 → 看到下雨 → 明明下雨卻出門,功能 名詞化  + 受詞 逆接  / 目的,のを のにを使います。,のを のにを使います。,功能 名詞化  + 受詞 逆接  / 目的,N3,N3|文法|助詞,翻譯 ...... 這件事 雖然 ...... 卻  / 為了 ...... 情緒 中性 有情緒(逆接) 常搭配 見る、聞く、忘れる意外、不滿、用途 2  彼が来るのに時間がかかる 3  雨が降るのを見た 4  雨が降るのに出かけた 日 文 筆 記,,,🔥 語感重點 | 比「けど」強很多 | 表示用途  / 目的,例句為模板佔位，非真實例句,flagged,teacher_agent,0.6
G0122,四、超重要差別示範1  彼が来るのを待っている,四、超重要差別示範1  彼が来るのを待っている,四、超重要差別示範1  彼が来るのを待っている,四、超重要差別示範1  彼が来るのを待っている,四、超重要差別示範1  彼が来るのを待っているを使います。,四、超重要差別示範1  彼が来るのを待っているを使います。,四、超重要差別示範1  彼が来るのを待っている,N4,N4|文法|助詞,,,,🔥 語感重點 | 比「けど」強很多 | 表示用途  / 目的,grammar_point 疑似誤拆（例句/說明文字）; 例句為模板佔位，非真實例句; 意思與句型名稱相同，缺少釋義; 信心分偏低 (0.5),excluded,teacher_agent,0.5
G0123,⚠  完全不同意思!,⚠  完全不同意思!,→ 用  のを → 用  のに → 用  のに,⚠  完全不同意思!,私は電気を消さないと、寝られません,私は電気を消さないと、寝られません,⚠  完全不同意思!,N3,N3|文法,五、快速判斷技巧 問自己: 👉 這句話是把「動作當成東西」嗎? 👉 是在抱怨、違反預期嗎? 👉 是在說用途或目的嗎? 日 文 筆 記,,,完全不同意思! | 這句話是把「動作當成東西」嗎? | 是在抱怨、違反預期嗎? | 是在說用途或目的嗎?,意思與句型名稱相同，缺少釋義,flagged,pdf_extract,0.9
G0124,〜と,自然結果；條件（最嚴格）,V辞書形 + と,自然結果；條件（最嚴格）,ここを押すと、ドアが開きます。,ここを押すと、ドアが開きます。,按這裡，門就會開。,N4,N4|文法|句型|助詞,,✅ 必然發生的結果、科學真理、機械反應,❌ 後半句不能有意志、希望、命令、請求（〜しよう、〜てください 等）,與 たら、ば、なら 限制不同；と 最嚴格 | 與 たら、ば、なら 限制不同；と 最嚴格 | 完全不同意思! | 這句話是把「動作當成東西」嗎? | 是在抱怨、違反預期嗎? | 是在說用途或目的嗎?,意思與句型名稱相同，缺少釋義; 信心分偏低 (0.5),corrected,grammar_teacher_agent,0.85
G0125,V そうです,V そうです,"1推測 2根據經驗推測 3外觀可見的 4即將發生,就快要 日 文 筆 記",V そうです,そろそろ雨が降りそうです,そろそろ雨が降りそうです,,N3,N3|文法|助詞,"1推測 2根據經驗推測 3外觀可見的 4即將發生,就快要 日 文 筆 記",,,,意思與句型名稱相同，缺少釋義,flagged,pdf_extract,0.9
G0126,5傳聞(聽說、據說),特徵 樣態  ( 圖片中的用法 ) 傳聞  ( 新用法 ),"意思 看起來快要 ... / 看起來好像 ... 聽說 ... / 據說 ... 形容詞接法 去掉詞尾  ( 如:おいし〜 ) 保留詞尾  ( 如:おいしい〜 ) 範例  A :根據天氣預報(丁寧語) 降る:用原形(普通形),所以是聽說。 範例  B :關於朋友的傳聞(常體) 彼(かれ)は  ついに  彼女(かのじょ)と  ケンカしたそうだ。Kare wa tsuini kanojo to kenka shita sō da.(聽說他終於跟女朋友吵架了。)",特徵 樣態  ( 圖片中的用法 ) 傳聞  ( 新用法 ),例子 雨が  降りそうだ,例子 雨が  降りそうだ,快下雨了,N3,N3|文法,"意思 看起來快要 ... / 看起來好像 ... 聽說 ... / 據說 ... 形容詞接法 去掉詞尾  ( 如:おいし〜 ) 保留詞尾  ( 如:おいしい〜 ) 範例  A :根據天氣預報(丁寧語) 降る:用原形(普通形),所以是聽說。 範例  B :關於朋友的傳聞(常體) 彼(かれ)は  ついに  彼女(かのじょ)と  ケンカしたそうだ。Kare wa tsuini kanojo to kenka shita sō da.(聽說他終於跟女朋友吵架了。)",,,,,passed,pdf_extract,0.95
G0127,動詞接法 ます形  ( 去ます ) 普通形  ( 原形 / 過去式 ),"した:用過去式,表示這件事已經發生了,我是聽說的。",日 文 筆 記,"した:用過去式,表示這件事已經發生了,我是聽說的。",もう食べ過ぎて、お腹がいっぱいです,もう食べ過ぎて、お腹がいっぱいです,受身形 可能形,N3,N3|文法,日 文 筆 記,,,,,passed,pdf_extract,0.95
G0128,すぎます,すぎます,すぎます,すぎます,すぎますを使います。,すぎますを使います。,すぎます,N3,N3|文法,,,,,例句為模板佔位，非真實例句; 意思與句型名稱相同，缺少釋義; 信心分偏低 (0.5),flagged,teacher_agent,0.5
G0129,やすい / にくい,やすい / にくい,やすい / にくい,やすい / にくい,先生の説明はいつも分かりやすいです,先生の説明はいつも分かりやすいです,,N3,N3|文法|助詞,,,,,意思與句型名稱相同，缺少釋義,flagged,pdf_extract,0.8
G0130,やすい,やすい,やすい,やすい,このぺんは使いにくい,このぺんは使いにくい,,N3,N3|文法,,,,,意思與句型名稱相同，缺少釋義,flagged,pdf_extract,0.8
G0131,にくい,にくい,日 文 筆 記,にくい,髪を黒くします,髪を黒くします,,N3,N3|文法|助詞,日 文 筆 記,,,,意思與句型名稱相同，缺少釋義,flagged,pdf_extract,0.9
G0132,い A く∕な A · N にします,い A く∕な A · N にします,い A く∕な A · N にします,い A く∕な A · N にします,い A く∕な A · N にしますを使います。,い A く∕な A · N にしますを使います。,い A く∕な A · N にします,N3,N3|文法|助詞,,,,,例句為模板佔位，非真實例句; 意思與句型名稱相同，缺少釋義; 信心分偏低 (0.5),flagged,teacher_agent,0.5
G0133,場合は,"「辞書形+場合」和「た形+場合」的差別,和「とき」的用法一樣。",一、基本概念1  辞書形  + 場合 2  た形  + 場合,"「辞書形+場合」和「た形+場合」的差別,和「とき」的用法一樣。",例子 2🔹 授業を休む場合は、〜,例子 2🔹 授業を休む場合は、〜,朝電話しなければなりません,N3,N3|文法|助詞,"也就是說,「場合(ばあい)」前面用現在式(辞書形)或過去式(た形),意思會有時間點上的不同。 👉 表示「還沒發生的情況」 👉 假設、一般情況、未來可能發生 = 如果〜的話(當〜的時候) 👉 表示「已經發生之後」 👉 事情發生完的情況 = 當〜之後∕如果已經〜 如果(要)遲到的話,就聯絡。 👉 還沒遲到,只是假設「會遲到」 🔹 遅刻した場合は、〜(先生に謝ります) 如果已經遲到了,就向老師道歉。 👉 已經遲到了,事情發生完了",,,"表示「還沒發生的情況」 | 假設、一般情況、未來可能發生 | 表示「已經發生之後」 | 事情發生完的情況 | 還沒遲到,只是假設「會遲到」",,passed,pdf_extract,0.95
G0134,二、圖片中的例句解析例子 1🔹 遅刻する場合は、〜(連絡します),"如果要請假,就必須早上打電話。","👉 還沒請假,只是預定 🔹 授業を休んだ場合は、〜(自分で勉強しなければなりません) 如果已經請假了,就必須自己讀書。 👉 請假這件事已經發生 三、和「とき」的比較 日 文 筆 記","如果要請假,就必須早上打電話。","👉 還沒請假,只是預定 🔹 授業を休んだ場合は、〜(自分で勉強しなければなりません) 如果已經請假了,就必須自己讀書。","👉 還沒請假,只是預定 🔹 授業を休んだ場合は、〜(自分で勉強しなければなりません) 如果已經請假了,就必須自己讀書。","如果要請假,就必須早上打電話。",N3,N3|文法|助詞,"👉 還沒請假,只是預定 🔹 授業を休んだ場合は、〜(自分で勉強しなければなりません) 如果已經請假了,就必須自己讀書。 👉 請假這件事已經發生 三、和「とき」的比較 日 文 筆 記",,,"表示「還沒發生的情況」 | 假設、一般情況、未來可能發生 | 表示「已經發生之後」 | 事情發生完的情況 | 還沒遲到,只是假設「會遲到」",grammar_point 疑似誤拆（例句/說明文字）,excluded,grammar_teacher_agent,0.75
G0135,這個概念和「とき」完全一樣:,句型 意思,✔  還沒發生  → 辞書形 ✔  已經發生  → た形,句型 意思,例如:,例如:,句型 意思,N3,N3|文法|助詞,行くとき 要去的時候(還沒去) 行ったとき 去了之後的時候 同理: 句型 意思 行く場合 如果要去 行った場合 如果已經去了 四、快速理解技巧(考試超好用 🔥 ) 問自己: 👉 事情發生了嗎? 五、場合的語感補充 「場合」比「とき」更正式 常用於: 規則說明 公告 法律 說明書 學校規定,,"(如果發生火災,請不要搭電梯。)",事情發生了嗎?,,passed,pdf_extract,0.95
G0136,火事の場合は、エレベーターを使わないでください。,"(如果發生火災,請不要搭電梯。)",日 文 筆 記,"(如果發生火災,請不要搭電梯。)",エアコンをつけているのに、あついです,エアコンをつけているのに、あついです,"(如果發生火災,請不要搭電梯。)",N3,N3|文法|助詞,日 文 筆 記,,"(如果發生火災,請不要搭電梯。)",事情發生了嗎?,,passed,pdf_extract,0.95
G0137,のに,のに,のに,のに,のにを使います。,のにを使います。,のに,N3,N3|文法|助詞,,,"(如果發生火災,請不要搭電梯。)",事情發生了嗎?,例句為模板佔位，非真實例句; 意思與句型名稱相同，缺少釋義; 信心分偏低 (0.5),flagged,teacher_agent,0.5
G0138,〜ところです,接續:名詞  + ばかり / 動詞て形  + ばかり  いる,接續:名詞  + ばかり / 動詞て形  + ばかり  いる,接續:名詞  + ばかり / 動詞て形  + ばかり  いる,〜ところです の例文です。,〜ところです の例文です。,接續:名詞  + ばかり / 動詞て形  + ばかり  いる,N4,N4|文法|句型|助詞,滿滿的都是 ...... (光是 ...... 、淨是 ...... ),"動詞た  + ばかり  (Bakari):主觀心理上的剛好。例如你雖然買了一間房子三個月了,但你心裡覺得「我才剛買(房子可以用一輩子,三個月算短)」,這時就要用  「買ったばかり」。","肉(にく)ばかり  食べないで、野菜(やさい)も  食べなさい。Niku bakari tabenaide, yasai mo tabenai.(不要光是吃肉,也要吃蔬菜!",老師的語感加油站:「たばかり」 vs 「たところ」,例句為模板佔位，非真實例句,flagged,teacher_agent,0.6
G0139,~ ばかりです,"核心含義:表示某種事物數量很多,或某個動作重複發生,通常帶有「負面、抱怨、無奈」的語感。",接續:動詞  [ た形 ] (過去式) + ばかり 接續:數量詞  + ばかり,"核心含義:表示某種事物數量很多,或某個動作重複發生,通常帶有「負面、抱怨、無奈」的語感。",例句:,例句:,"核心含義:表示某種事物數量很多,或某個動作重複發生,通常帶有「負面、抱怨、無奈」的語感。",N3,N3|文法|句型|助詞,"肉(にく)ばかり  食べないで、野菜(やさい)も  食べなさい。Niku bakari tabenaide, yasai mo tabenai.(不要光是吃肉,也要吃蔬菜! 剛完成某事(才剛 ...... ) 核心含義:表示說話者主觀心理上覺得「某個動作才剛結束不久」。 大約、大槪(數量詞的概數) 核心含義:相當於「ほど」或「くらい」,表示大約的數量(較為生硬、書面語)。 一時間(いちじかん)  ばかり  待ちました。(等了大約一個小時。)","動詞た  + ばかり  (Bakari):主觀心理上的剛好。例如你雖然買了一間房子三個月了,但你心裡覺得「我才剛買(房子可以用一輩子,三個月算短)」,這時就要用  「買ったばかり」。","肉(にく)ばかり  食べないで、野菜(やさい)も  食べなさい。Niku bakari tabenaide, yasai mo tabenai.(不要光是吃肉,也要吃蔬菜!",老師的語感加油站:「たばかり」 vs 「たところ」,,passed,pdf_extract,0.95
G0140,VS ところです,VS ところです,VS ところです,VS ところです,VS ところですを使います。,VS ところですを使います。,VS ところです,N3,N3|文法|助詞,,"動詞た  + ばかり  (Bakari):主觀心理上的剛好。例如你雖然買了一間房子三個月了,但你心裡覺得「我才剛買(房子可以用一輩子,三個月算短)」,這時就要用  「買ったばかり」。","肉(にく)ばかり  食べないで、野菜(やさい)も  食べなさい。Niku bakari tabenaide, yasai mo tabenai.(不要光是吃肉,也要吃蔬菜!",老師的語感加油站:「たばかり」 vs 「たところ」,例句為模板佔位，非真實例句; 意思與句型名稱相同，缺少釋義; 信心分偏低 (0.5),flagged,teacher_agent,0.5
G0141,〜 N にする(よくつかいます,[ 數量詞 ] + ずつ [ 名詞 ] + を中心に  / を中心として 變化形:後方接名詞時用  〜を中心とした  [ 名詞 ]1. 空間上的中心,[ 數量詞 ] + ずつ [ 名詞 ] + を中心に  / を中心として 變化形:後方接名詞時用  〜を中心とした  [ 名詞 ]1. 空間上的中心,[ 數量詞 ] + ずつ [ 名詞 ] + を中心に  / を中心として 變化形:後方接名詞時用  〜を中心とした  [ 名詞 ]1. 空間上的中心,私はこの髪型にします,私はこの髪型にします,[ 數量詞 ] + ずつ [ 名詞 ] + を中心に  / を中心として 變化形:後方接名詞時用  〜を中心とした  [ 名詞 ]1. 空間上的中心,N4,N4|文法|句型|助詞,例:(注文の時)コーヒーにします、和食にします 核心意義:「每 ...... 、各 ...... 」。 1. 平均分配給每個人 (給孩子們每人各兩個巧克力。) 2. 按規律的時間或頻率進行 (每天各讀書一小時。) 3. 一點一滴地改變 (一點一滴地進步了呢。) 核心意義:「以 ...... 為中心」、「以 ...... 為重點」 形容圍繞著某個地點進行活動。 (以東京為中心進行了觀光。) 2. 內容或人物的重點 形容某個話題、群體或計畫的核心。 (以年輕人為中心受到歡迎∕在年輕人之間很有人氣。) 日 文 筆 記,,,核心意義:「以 ...... 為中心」、「以 ...... 為重點」 | 2. 內容或人物的重點,,passed,pdf_extract,0.9
G0142,1いただきます → もらいます,2くださる → くれる 3さしあげる(差し上げる) → あげる,2くださる → くれる 3さしあげる(差し上げる) → あげる,2くださる → くれる 3さしあげる(差し上げる) → あげる,私は先生にハンカチをいただきます,私は先生にハンカチをいただきます,2くださる → くれる 3さしあげる(差し上げる) → あげる,N3,N3|文法|助詞,日 文 筆 記,,,,grammar_point 疑似誤拆（例句/說明文字）,excluded,pdf_extract,0.9
G0143,4やります → あげます,4やります → あげます,4やります → あげます,4やります → あげます,4やります → あげますを使います。,4やります → あげますを使います。,4やります → あげます,N3,N3|文法,,,,,grammar_point 疑似誤拆（例句/說明文字）; 例句為模板佔位，非真實例句; 意思與句型名稱相同，缺少釋義; 信心分偏低 (0.5),excluded,teacher_agent,0.5
G0144,私は  A  に  V ていただきます。,意思:,👉 我接受  A 為我做某事(謙讓語) 📌 例句,意思:,私は  A  に  V ていただきます。を使います。,私は  A  に  V ていただきます。を使います。,意思:,N3,N3|文法|助詞,👉 我接受  A 為我做某事(謙讓語) 📌 例句,🧩 一、ていただきます(=てもらいます的謙讓語)✅ 結構 | 🧩 二、てくださいます(=てくれます的尊敬語)✅ 結構,,我接受  A 為我做某事(謙讓語) | 🎯 重點 | A (尊敬對象)為我做某事 | 🎯 重點,例句為模板佔位，非真實例句,flagged,teacher_agent,0.6
G0145,私は課⻑にパソコンの使い方を説明していただきます。,→ 我請課⻑幫我說明電腦用法。,→ 我請課⻑幫我說明電腦用法。,→ 我請課⻑幫我說明電腦用法。,私は課⻑にパソコンの使い方を説明していただきます。を使います。,私は課⻑にパソコンの使い方を説明していただきます。を使います。,→ 我請課⻑幫我說明電腦用法。,N3,N3|文法|助詞,,🧩 一、ていただきます(=てもらいます的謙讓語)✅ 結構 | 🧩 二、てくださいます(=てくれます的尊敬語)✅ 結構,,我接受  A 為我做某事(謙讓語) | 🎯 重點 | A (尊敬對象)為我做某事 | 🎯 重點,例句為模板佔位，非真實例句; 信心分偏低 (0.5),flagged,teacher_agent,0.5
G0146,私はお客さんに会社を案内していただきます。,→ 我請客戶幫我帶我參觀公司。,🎯 重點 ✔  用在「對方地位比我高」 ✔  強調「我受到恩惠」,→ 我請客戶幫我帶我參觀公司。,私はお客さんに会社を案内していただきます。を使います。,私はお客さんに会社を案内していただきます。を使います。,→ 我請客戶幫我帶我參觀公司。,N3,N3|文法|助詞,🎯 重點 ✔  用在「對方地位比我高」 ✔  強調「我受到恩惠」,🧩 一、ていただきます(=てもらいます的謙讓語)✅ 結構 | 🧩 二、てくださいます(=てくれます的尊敬語)✅ 結構,,我接受  A 為我做某事(謙讓語) | 🎯 重點 | A (尊敬對象)為我做某事 | 🎯 重點,例句為模板佔位，非真實例句,flagged,teacher_agent,0.6
G0147,A  は  私に  V てくださいます。,意思:,👉 A (尊敬對象)為我做某事 📌 例句 ❓ 問答練習 Q :会社に入ったとき、誰が仕事を教えてくれましたか? 🎯 重點 ✔  主語是「地位高的人」 日 文 筆 記,意思:,A  は  私に  V てくださいます。を使います。,A  は  私に  V てくださいます。を使います。,意思:,N3,N3|文法|助詞,👉 A (尊敬對象)為我做某事 📌 例句 ❓ 問答練習 Q :会社に入ったとき、誰が仕事を教えてくれましたか? 🎯 重點 ✔  主語是「地位高的人」 日 文 筆 記,🧩 一、ていただきます(=てもらいます的謙讓語)✅ 結構 | 🧩 二、てくださいます(=てくれます的尊敬語)✅ 結構,,我接受  A 為我做某事(謙讓語) | 🎯 重點 | A (尊敬對象)為我做某事 | 🎯 重點,例句為模板佔位，非真實例句,flagged,teacher_agent,0.6
G0148,A :課⻑が教えてくださいました。,A :課⻑が教えてくださいました。,A :課⻑が教えてくださいました。,A :課⻑が教えてくださいました。,A :課⻑が教えてくださいました。を使います。,A :課⻑が教えてくださいました。を使います。,A :課⻑が教えてくださいました。,N3,N3|文法|助詞,,🧩 一、ていただきます(=てもらいます的謙讓語)✅ 結構 | 🧩 二、てくださいます(=てくれます的尊敬語)✅ 結構,,我接受  A 為我做某事(謙讓語) | 🎯 重點 | A (尊敬對象)為我做某事 | 🎯 重點,例句為模板佔位，非真實例句; 意思與句型名稱相同，缺少釋義; 信心分偏低 (0.5),flagged,teacher_agent,0.5
G0149,✔  比  てくれます  更尊敬,✔  比  てくれます  更尊敬,✔  比  てくれます  更尊敬,✔  比  てくれます  更尊敬,✔  比  てくれます  更尊敬を使います。,✔  比  てくれます  更尊敬を使います。,✔  比  てくれます  更尊敬,N3,N3|文法,,🧩 三、てさしあげます(=てあげます的謙讓語)✅ 結構 | 🧩 四、てやります(=てあげます)✅ 結構 | 朋友 ⭕ あげます | 弟弟 ⭕ やります | 動物 ⭕ やります,上司 ❌ やります,我為對方做某事(對方地位高) | 🎯 重點 | 我為晚輩、動物做某事,例句為模板佔位，非真實例句; 意思與句型名稱相同，缺少釋義; 信心分偏低 (0.5),flagged,teacher_agent,0.5
G0150,🧩 三、てさしあげます(=てあげます的謙讓語)✅ 結構,🧩 三、てさしあげます(=てあげます的謙讓語)✅ 結構,🧩 三、てさしあげます(=てあげます的謙讓語)✅ 結構,🧩 三、てさしあげます(=てあげます的謙讓語)✅ 結構,🧩 三、てさしあげます(=てあげます的謙讓語)✅ 結構を使います。,🧩 三、てさしあげます(=てあげます的謙讓語)✅ 結構を使います。,🧩 三、てさしあげます(=てあげます的謙讓語)✅ 結構,N3,N3|文法,,🧩 三、てさしあげます(=てあげます的謙讓語)✅ 結構 | 🧩 四、てやります(=てあげます)✅ 結構 | 朋友 ⭕ あげます | 弟弟 ⭕ やります | 動物 ⭕ やります,上司 ❌ やります,我為對方做某事(對方地位高) | 🎯 重點 | 我為晚輩、動物做某事,例句為模板佔位，非真實例句; 意思與句型名稱相同，缺少釋義; 信心分偏低 (0.5),flagged,teacher_agent,0.5
G0151,私は  A  に  V てさしあげます。,意思:,👉 我為對方做某事(對方地位高) 📌 例句 私は社⻑を駅まで送ってさしあげました。 私は社⻑を駅まで迎えに行ってさしあげました。 🎯 重點 ✔  對象是「上位者」,意思:,👉 我為對方做某事(對方地位高) 📌 例句 私は社⻑を駅まで送ってさしあげました。,👉 我為對方做某事(對方地位高) 📌 例句 私は社⻑を駅まで送ってさしあげました。,意思:,N3,N3|文法|助詞,👉 我為對方做某事(對方地位高) 📌 例句 私は社⻑を駅まで送ってさしあげました。 私は社⻑を駅まで迎えに行ってさしあげました。 🎯 重點 ✔  對象是「上位者」,🧩 三、てさしあげます(=てあげます的謙讓語)✅ 結構 | 🧩 四、てやります(=てあげます)✅ 結構 | 朋友 ⭕ あげます | 弟弟 ⭕ やります | 動物 ⭕ やります,上司 ❌ やります,我為對方做某事(對方地位高) | 🎯 重點 | 我為晚輩、動物做某事,,corrected,grammar_teacher_agent,0.75
G0152,私は先生のかばんを持って差し上げます。,✔  表達尊敬+自己謙虛,✔  表達尊敬+自己謙虛,✔  表達尊敬+自己謙虛,私は先生のかばんを持って差し上げます。を使います。,私は先生のかばんを持って差し上げます。を使います。,✔  表達尊敬+自己謙虛,N3,N3|文法|助詞,,🧩 三、てさしあげます(=てあげます的謙讓語)✅ 結構 | 🧩 四、てやります(=てあげます)✅ 結構 | 朋友 ⭕ あげます | 弟弟 ⭕ やります | 動物 ⭕ やります,上司 ❌ やります,我為對方做某事(對方地位高) | 🎯 重點 | 我為晚輩、動物做某事,例句為模板佔位，非真實例句; 信心分偏低 (0.5),flagged,teacher_agent,0.5
G0153,私は  弟∕犬  に  V てやります。,意思:,👉 我為晚輩、動物做某事 📌 例句 私は弟に日本語の文法を教えてやりました。 私は犬を散歩に連れて行ってやりました。 妹が病気のとき、料理を作ってやりました。 ⚠  注意,意思:,👉 我為晚輩、動物做某事 📌 例句 私は弟に日本語の文法を教えてやりました。,👉 我為晚輩、動物做某事 📌 例句 私は弟に日本語の文法を教えてやりました。,意思:,N3,N3|文法|助詞,👉 我為晚輩、動物做某事 📌 例句 私は弟に日本語の文法を教えてやりました。 私は犬を散歩に連れて行ってやりました。 妹が病気のとき、料理を作ってやりました。 ⚠  注意,🧩 三、てさしあげます(=てあげます的謙讓語)✅ 結構 | 🧩 四、てやります(=てあげます)✅ 結構 | 朋友 ⭕ あげます | 弟弟 ⭕ やります | 動物 ⭕ やります,上司 ❌ やります,我為對方做某事(對方地位高) | 🎯 重點 | 我為晚輩、動物做某事,,corrected,grammar_teacher_agent,0.75
G0154,※  現代會更常用「てあげました」,對象 用法,對象 用法,對象 用法,※  現代會更常用「てあげました」を使います。,※  現代會更常用「てあげました」を使います。,對象 用法,N3,N3|文法,,🧩 三、てさしあげます(=てあげます的謙讓語)✅ 結構 | 🧩 四、てやります(=てあげます)✅ 結構 | 朋友 ⭕ あげます | 弟弟 ⭕ やります | 動物 ⭕ やります,上司 ❌ やります,我為對方做某事(對方地位高) | 🎯 重點 | 我為晚輩、動物做某事,例句為模板佔位，非真實例句; 信心分偏低 (0.5),flagged,teacher_agent,0.5
G0155,動物 ⭕ やります,🧩 五、請求句型(最禮貌)〜ていただけませんか〜てくださいませんか,這兩個都是: 👉 「可以請您〜嗎?」 日 文 筆 記,🧩 五、請求句型(最禮貌)〜ていただけませんか〜てくださいませんか,動物 ⭕ やりますを使います。,動物 ⭕ やりますを使います。,🧩 五、請求句型(最禮貌)〜ていただけませんか〜てくださいませんか,N3,N3|文法,這兩個都是: 👉 「可以請您〜嗎?」 日 文 筆 記,🧩 三、てさしあげます(=てあげます的謙讓語)✅ 結構 | 🧩 四、てやります(=てあげます)✅ 結構 | 朋友 ⭕ あげます | 弟弟 ⭕ やります | 動物 ⭕ やります,上司 ❌ やります,我為對方做某事(對方地位高) | 🎯 重點 | 我為晚輩、動物做某事,例句為模板佔位，非真實例句,flagged,teacher_agent,0.6
G0156,てあげる — てさしあげる 我給對方,てあげる — てさしあげる 我給對方,てあげる — てさしあげる 我給對方,てあげる — てさしあげる 我給對方,てあげる — てさしあげる 我給對方を使います。,てあげる — てさしあげる 我給對方を使います。,てあげる — てさしあげる 我給對方,N3,N3|文法,,,,,例句為模板佔位，非真實例句; 意思與句型名稱相同，缺少釋義; 信心分偏低 (0.5),flagged,teacher_agent,0.5
G0157,→ てやります,兩個意思都可以翻成:,🧩 一、てくれる✅ 結構 → 朋友教我功課。 → 媽媽幫我做蛋糕。,兩個意思都可以翻成:,「某人為我做某事」 但  👉  重點在句子視角不同 A は  私に  V てくれる 👉 以「對方」為主語 👉 強調「對方幫我做」 📌 例句 友達は私に宿題を教えてくれました。,「某人為我做某事」 但  👉  重點在句子視角不同 A は  私に  V てくれる 👉 以「對方」為主語 👉 強調「對方幫我做」 📌 例句 友達は私に宿題を教えてくれました。,兩個意思都可以翻成:,N3,N3|文法,「某人為我做某事」 但  👉  重點在句子視角不同 A は  私に  V てくれる 👉 以「對方」為主語 👉 強調「對方幫我做」 📌 例句 友達は私に宿題を教えてくれました。 母はケーキを作ってくれました。 日 文 筆 記,兩個意思都可以翻成: | 🧩 一、てくれる✅ 結構,,但  👉  重點在句子視角不同 | 以「對方」為主語 | 強調「對方幫我做」,grammar_point 疑似誤拆（例句/說明文字）,excluded,grammar_teacher_agent,0.75
G0158,🎯 重點,→ 我請朋友教我功課。,私は母にケーキを作ってもらいました。 → 我請媽媽幫我做蛋糕。 🎯 重點 ✔  主語是「受惠的人」 ✔  重點放在「我得到幫助」 🧠 核心差別(超重要) 比較 てくれる てもらう 主語 做動作的人 接受幫助的人 視角 對方視角 自己視角 中文感覺 他幫我〜 我請他幫我〜 日 文 筆 記,→ 我請朋友教我功課。,私は母にケーキを作ってもらいました。,私は母にケーキを作ってもらいました。,→ 我請朋友教我功課。,N3,N3|文法,私は母にケーキを作ってもらいました。 → 我請媽媽幫我做蛋糕。 🎯 重點 ✔  主語是「受惠的人」 ✔  重點放在「我得到幫助」 🧠 核心差別(超重要) 比較 てくれる てもらう 主語 做動作的人 接受幫助的人 視角 對方視角 自己視角 中文感覺 他幫我〜 我請他幫我〜 日 文 筆 記,🧩 二、てもらう✅ 結構,,🎯 重點 | ✔  重點放在「對方的好意」 | 以「我」為主語 | 強調「我接受幫助」 | 🎯 重點,,corrected,grammar_teacher_agent,0.75
G0159,お待ちします、お手伝いします、お貸しします、お取りしましょうか、お開けましょうか,お待ちします、お手伝いします、お貸しします、お取りしましょうか、お開けましょうか,日 文 筆 記,お待ちします、お手伝いします、お貸しします、お取りしましょうか、お開けましょうか,会議の時間を伺います,会議の時間を伺います,,N3,N3|文法,日 文 筆 記,,,,意思與句型名稱相同，缺少釋義,flagged,pdf_extract,0.85
G0160,N3 補充文法,時間の範囲を表す表現です。 → 這是表示時間範圍的表達方式。接続:,時間の範囲を表す表現です。 → 這是表示時間範圍的表達方式。接続:,時間の範囲を表す表現です。 → 這是表示時間範圍的表達方式。接続:,N3 補充文法 の例文です。,N3 補充文法 の例文です。,時間の範囲を表す表現です。 → 這是表示時間範圍的表達方式。接続:,N3,N3|文法,,,,,例句為模板佔位，非真實例句; 信心分偏低 (0.5),flagged,teacher_agent,0.5
G0161,動詞の進行形(〜ている)辞書形、否定形、「名詞  +  の」,「 ~ あいだ」:表示動作或狀態持續的意思。,「 ~ あいだ」:表示動作或狀態持續的意思。,「 ~ あいだ」:表示動作或狀態持續的意思。,動詞の進行形(〜ている)辞書形、否定形、「名詞  +  の」を使います。,動詞の進行形(〜ている)辞書形、否定形、「名詞  +  の」を使います。,「 ~ あいだ」:表示動作或狀態持續的意思。,N4,N4|文法|助詞,,,,,例句為模板佔位，非真實例句; 信心分偏低 (0.5),flagged,teacher_agent,0.5
G0162,期間、動作や状態が継続していることを表します。,「 ~ あいだに」:表示在該期間內完成的動作。,"学生の間は → 在當學生的期間 先生の講演(こうえん)のあいだ、みんな熱心に話を聞いていた。 → 老師演講的期間,大家都在專心聽講",「 ~ あいだに」:表示在該期間內完成的動作。,期間、動作や状態が継続していることを表します。を使います。,期間、動作や状態が継続していることを表します。を使います。,「 ~ あいだに」:表示在該期間內完成的動作。,N4,N4|文法|助詞,,,,,例句為模板佔位，非真實例句,flagged,teacher_agent,0.6
G0163,その期間内に完了する動作を表します。,試験のあいだはしずかにしていてください。 → 考試期間請保持安靜。,以上、以下、以内、以外 日 文 筆 記,試験のあいだはしずかにしていてください。 → 考試期間請保持安靜。,その期間内に完了する動作を表します。を使います。,その期間内に完了する動作を表します。を使います。,試験のあいだはしずかにしていてください。 → 考試期間請保持安靜。,N3,N3|文法|助詞,以上、以下、以内、以外 日 文 筆 記,,,,例句為模板佔位，非真實例句,flagged,teacher_agent,0.6
G0164,昨日、寝ている間に地震がありました。 → 昨天睡覺時發生了地震,昨日、寝ている間に地震がありました。 → 昨天睡覺時發生了地震,昨日、寝ている間に地震がありました。 → 昨天睡覺時發生了地震,昨日、寝ている間に地震がありました。 → 昨天睡覺時發生了地震,昨日、寝ている間に地震がありました。 → 昨天睡覺時發生了地震を使います。,昨日、寝ている間に地震がありました。 → 昨天睡覺時發生了地震を使います。,昨日、寝ている間に地震がありました。 → 昨天睡覺時發生了地震,N4,N4|文法|助詞,,,,,例句為模板佔位，非真實例句; 意思與句型名稱相同，缺少釋義; 信心分偏低 (0.5),flagged,teacher_agent,0.5
G0165,いくら〜でも,いくら〜でも,いくら〜でも,いくら〜でも,いくら〜でもを使います。,いくら〜でもを使います。,いくら〜でも,N3,N3|文法|助詞,,,,,例句為模板佔位，非真實例句; 意思與句型名稱相同，缺少釋義; 信心分偏低 (0.5),flagged,teacher_agent,0.5
G0166,一方(で),意思:「另一方面」、「與此同時」。1. 語法結構解剖,結構: [ 句子  A] + 一方で、 [ 句子  B] 。 接續: 名詞:名詞  + である + 一方で。,意思:「另一方面」、「與此同時」。1. 語法結構解剖,這是一個用來連接兩個對比或並行事實的接續詞。,這是一個用來連接兩個對比或並行事實的接續詞。,意思:「另一方面」、「與此同時」。1. 語法結構解剖,N3,N3|文法|助詞,"這是一個用來連接兩個對比或並行事實的接續詞。 動詞 / 形容詞:用普通形。 💬 兩種核心用法與語境用法  A :對比兩個相反的事項(最常用) 日本の  アニメは  海外で  人気が  ある  一方で、国内では  若者の  離れが  進(すす)んでいる。(日本動漫在國外大受歡迎,但在國內卻面臨年輕人流失的問題。) 用法  B :同一個人 / 事物同時具備的兩面性 彼は  厳しい  先生である  一方で、家では  優しい  お父さんだ。(他一方面是位嚴厲的老師,另一方面在家裡則是位溫柔的爸爸。) 💡 老師的語感比一比:跟「〜ながら」有什麼不同? 一方で:強調兩個事實的對照。就像一枚硬幣的正反兩面,或者天平的兩端。 上(うえ)に 日 文 筆 記",,,老師的語感比一比:跟「〜ながら」有什麼不同?,,corrected,grammar_teacher_agent,0.75
G0167,そういう,そういう,そういう,そういう,そういうを使います。,そういうを使います。,そういう,N3,N3|文法,,,,老師的語感比一比:跟「〜ながら」有什麼不同?,例句為模板佔位，非真實例句; 意思與句型名稱相同，缺少釋義; 信心分偏低 (0.5),flagged,teacher_agent,0.5
G0168,おかげで,意思:「多虧了 ... 」、「因為 ... (好結果)」。,"結構: [ 名詞  + の ] / [ 動詞、形容詞常體 ] + おかげで。 2. おかげか  (Okage ka) 結構:跟上面一樣,只是把「で」換成疑問的「か」。 3. おかげさまで  (Okage-sama de)",意思:「多虧了 ... 」、「因為 ... (好結果)」。,語感:因果關係非常明確。,語感:因果關係非常明確。,意思:「多虧了 ... 」、「因為 ... (好結果)」。,N3,N3|文法|助詞,"語感:因果關係非常明確。百分之百確定是因為  A ,才有了  B 這個好結果。 意思:「或許是多虧了 ... 吧」。 語感:不確定。帶有一種「雖然我不確定是不是因為這個,但好像有幫助」的推測感。 意思:「託您的福」、「幸好」。 語感:極致的禮貌。這是一個固定短語,通常放在句首,用來回應別人的關心(如:身體好嗎?工作順利嗎?)。 重點:即便對方沒有直接幫你,也要用這句來表達「是因為大家的守護我才這麼順利」。也可以表達對於任何人事物的感激。 💬 句子展示與語境範例  A :因果明確(丁寧語) いい  参考書を  選んだ  おかげで、合格しました!(多虧選了好參考書,我考上了!) 範例  B :不確定的推測(常體) 毎日  努(つと)めている  おかげか、いつの間(ま)にか  日本語が  上手に  なった。(或許是因為每天努力吧,不知不覺間日文變好了。) 範例  C :社交禮儀(丁寧語) 「お元気ですか?」「はい、おかげさまで。」(「你好嗎?」「是的,託您的福(我很好)。」) 恐(おそ)れがある 日 文 筆 記","重點:即便對方沒有直接幫你,也要用這句來表達「是因為大家的守護我才這麼順利」。也可以表達對於任何人事物的感激。",,,,corrected,grammar_teacher_agent,0.75
G0169,〜おきに,〜おきに,〜おきに,〜おきに,〜おきに の例文です。,〜おきに の例文です。,〜おきに,N4,N4|文法|句型|助詞,,"重點:即便對方沒有直接幫你,也要用這句來表達「是因為大家的守護我才這麼順利」。也可以表達對於任何人事物的感激。",,,例句為模板佔位，非真實例句; 意思與句型名稱相同，缺少釋義; 信心分偏低 (0.5),flagged,teacher_agent,0.5
G0170,〜かける,正在…；快要…,Vます + かける,正在…；快要…,書きかけの手紙。,書きかけの手紙。,寫到一半的信。,N4,N4|文法|句型,,,,,,passed,pdf_extract,0.85
G0171,〜かな(あ),〜かな(あ),〜かな(あ),〜かな(あ),〜かな(あ) の例文です。,〜かな(あ) の例文です。,〜かな(あ),N4,N4|文法|句型|索引補齊,,,,,例句為模板佔位，非真實例句; 意思與句型名稱相同，缺少釋義; 信心分偏低 (0.58),flagged,teacher_agent,0.58
G0172,〜からに〜かけて,從…到…,A + から B + かけて,從…到…,春から秋にかけて。,春から秋にかけて。,從春到秋。,N4,N4|文法|句型|助詞,,,,,,passed,pdf_extract,0.85
G0173,〜からには,既然…就必須…,Vた / N + からには + 意志・義務,既然…就必須…,行くからには、最後まで頑張ります。,行くからには、最後まで頑張ります。,既然要去，就堅持到底。,N4,N4|文法|句型|助詞,,,,,,passed,pdf_extract,0.85
G0174,〜かわりに,代替；與其…不如…,常常、容易會、往往會 人の行動に使うことが多い,代替；與其…不如…,彼のかわりに私が行きます。,彼のかわりに私が行きます。,代替他去。,N4,N4|文法|句型|助詞,常常、容易會、往往會 人の行動に使うことが多い,"語感: 帶有一種「雖然不一定想這麼做,但現實情況下沒有其他路可以走」的消極、無奈感。 | 注意: 在口語或文章中,は 經常可以省略。另外,它還有幾個意思完全相同的變體:",基本含義中文解釋: 只有 ... 、只能 ... 、除此之外別無他法。 | 這個句型只能接在動詞的辭書形後面。 | 例:行く  + ほかはない  = 只能去了。,,,passed,pdf_extract,0.85
G0175,〜がち,接續方式,接續方式,接續方式,基本含義中文解釋: 只有 ... 、只能 ... 、除此之外別無他法。,基本含義中文解釋: 只有 ... 、只能 ... 、除此之外別無他法。,接續方式,N4,N4|文法|句型|助詞,"基本含義中文解釋: 只有 ... 、只能 ... 、除此之外別無他法。 語感: 帶有一種「雖然不一定想這麼做,但現實情況下沒有其他路可以走」的消極、無奈感。","語感: 帶有一種「雖然不一定想這麼做,但現實情況下沒有其他路可以走」的消極、無奈感。 | 注意: 在口語或文章中,は 經常可以省略。另外,它還有幾個意思完全相同的變體:",基本含義中文解釋: 只有 ... 、只能 ... 、除此之外別無他法。 | 這個句型只能接在動詞的辭書形後面。 | 例:行く  + ほかはない  = 只能去了。,,,corrected,grammar_teacher_agent,0.75
G0176,〜はか(は)ない,這個句型只能接在動詞的辭書形後面。,這個句型只能接在動詞的辭書形後面。,這個句型只能接在動詞的辭書形後面。,行く  + ほかはない  = 只能去了。,行く  + ほかはない  = 只能去了。,這個句型只能接在動詞的辭書形後面。,N4,N4|文法|句型|助詞,,"語感: 帶有一種「雖然不一定想這麼做,但現實情況下沒有其他路可以走」的消極、無奈感。 | 注意: 在口語或文章中,は 經常可以省略。另外,它還有幾個意思完全相同的變體:",基本含義中文解釋: 只有 ... 、只能 ... 、除此之外別無他法。 | 這個句型只能接在動詞的辭書形後面。 | 例:行く  + ほかはない  = 只能去了。,,,passed,pdf_extract,0.88
G0177,動詞辭書形  + ほか(は)ない,"注意: 在口語或文章中,は 經常可以省略。另外,它還有幾個意思完全相同的變體:",日 文 筆 記,"注意: 在口語或文章中,は 經常可以省略。另外,它還有幾個意思完全相同的變體:",動詞辭書形  + ほか(は)ないを使います。,動詞辭書形  + ほか(は)ないを使います。,"注意: 在口語或文章中,は 經常可以省略。另外,它還有幾個意思完全相同的變體:",N3,N3|文法|助詞,日 文 筆 記,"語感: 帶有一種「雖然不一定想這麼做,但現實情況下沒有其他路可以走」的消極、無奈感。 | 注意: 在口語或文章中,は 經常可以省略。另外,它還有幾個意思完全相同的變體:",基本含義中文解釋: 只有 ... 、只能 ... 、除此之外別無他法。 | 這個句型只能接在動詞的辭書形後面。 | 例:行く  + ほかはない  = 只能去了。,,例句為模板佔位，非真實例句,flagged,teacher_agent,0.6
G0178,〜ほかしかたがない,〜ほかしかたがない,〜ほかしかたがない,〜ほかしかたがない,〜ほかしかたがない の例文です。,〜ほかしかたがない の例文です。,〜ほかしかたがない,N4,N4|文法|句型|助詞,,"語感: 帶有一種「雖然不一定想這麼做,但現實情況下沒有其他路可以走」的消極、無奈感。 | 注意: 在口語或文章中,は 經常可以省略。另外,它還有幾個意思完全相同的變體:",基本含義中文解釋: 只有 ... 、只能 ... 、除此之外別無他法。 | 這個句型只能接在動詞的辭書形後面。 | 例:行く  + ほかはない  = 只能去了。,,例句為模板佔位，非真實例句; 意思與句型名稱相同，缺少釋義; 信心分偏低 (0.5),flagged,teacher_agent,0.5
G0179,描述他人的慾望,"這是最標準的用法,把「內心的願望」轉化為「外在的表現」。",構造:動詞  ます  形  ( 去  ます ) + たがる常用態:〜たがっている ( 正在表現出想做的樣子 )語感:他「表現出」很想做的樣子。 構造:名詞  + を  + 欲(ほ)しがる,"這是最標準的用法,把「內心的願望」轉化為「外在的表現」。","2. 〜欲しがる 當對象不是「動作(動詞)」,而是「東西(名詞)」時使用。","2. 〜欲しがる 當對象不是「動作(動詞)」,而是「東西(名詞)」時使用。","這是最標準的用法,把「內心的願望」轉化為「外在的表現」。",N3,N3|文法,"2. 〜欲しがる 當對象不是「動作(動詞)」,而是「東西(名詞)」時使用。 語感:他正吵著、或流露出想要某樣東西的樣子。 範例:在玩具店的小孩子供が、あの  おもちゃを  欲しがって  泣いて  います。( 小孩子吵著想要那個玩具,正在哭鬧。 ) 3. 〜そうだ  / 〜ようだ  ( 推測型 ) 如果你不想把話說得那麼死,可以用你學過的「外觀觀測」來表達。 語感:看起來好像想 ... 、聽說他想 ... 。 範例:觀察朋友吃東西彼は、もっと  食べたそうな  顔を  して  います。( 他露出一副「好像還想吃」的表情。 ) —— 這裡用的是  たそう(看起來想)。 日 文 筆 記","如果你不想把話說得那麼死,可以用你學過的「外觀觀測」來表達。",,,,corrected,grammar_teacher_agent,0.75
G0180,構造:〜たい  + そうだ / ようだ,構造:〜たい  + そうだ / ようだ,構造:〜たい  + そうだ / ようだ,構造:〜たい  + そうだ / ようだ,構造:〜たい  + そうだ / ようだを使います。,構造:〜たい  + そうだ / ようだを使います。,構造:〜たい  + そうだ / ようだ,N4,N4|文法,,"如果你不想把話說得那麼死,可以用你學過的「外觀觀測」來表達。",,,例句為模板佔位，非真實例句; 意思與句型名稱相同，缺少釋義; 信心分偏低 (0.5),flagged,teacher_agent,0.5
G0181,〜きる,"這是最常見的用法,強調「把剩下的全部掃光」。","読みきる:全部讀完(像圖中的  5 卷小說)。 使いきる:全部用光(就像剛才媽媽說的,把用到一半的用光)。 売りきれる:全部賣光( Sold out )。 2達到極限  (Extremity) 。翻譯為 "" 十分 ..../ 非常 ....” 表示程度到了頂點,沒辦法再更進一步了。 疲れきる:筋疲力盡(累癱了)。 3強烈地、斷然地  (Emphasis)","這是最常見的用法,強調「把剩下的全部掃光」。",読みきる。,読みきる。,全部讀完。,N4,N4|文法|句型,"読みきる:全部讀完(像圖中的  5 卷小說)。 使いきる:全部用光(就像剛才媽媽說的,把用到一半的用光)。 売りきれる:全部賣光( Sold out )。 2達到極限  (Extremity) 。翻譯為 "" 十分 ..../ 非常 ....” 表示程度到了頂點,沒辦法再更進一步了。 疲れきる:筋疲力盡(累癱了)。 3強烈地、斷然地  (Emphasis)",,,,,passed,pdf_extract,0.85
G0182,"困りきっている:感到極度困擾(圖中第  3 句,井上先生的情況)。",用來強調說話的語氣或決心。,"言いきる:斷言、很有把握地說(圖中第  2 句)。 信じきる:深信不疑。 這就像是動詞的「普通形」與「可能形」的差別:〜きる:我「做完了」某事。 食べきれないほどのごちそう( 豐富到「吃不完」的大餐。 )這裡用「きれない」,是因為大餐的份量超過了胃的「可能範圍」。 日 文 筆 記",用來強調說話的語氣或決心。,言いきる:斷言、很有把握地說(圖中第  2 句)。,言いきる:斷言、很有把握地說(圖中第  2 句)。,用來強調說話的語氣或決心。,N4,N4|文法,"言いきる:斷言、很有把握地說(圖中第  2 句)。 信じきる:深信不疑。 這就像是動詞的「普通形」與「可能形」的差別:〜きる:我「做完了」某事。 食べきれないほどのごちそう( 豐富到「吃不完」的大餐。 )這裡用「きれない」,是因為大餐的份量超過了胃的「可能範圍」。 日 文 筆 記",,,,grammar_point 疑似誤拆（例句/說明文字）,excluded,grammar_teacher_agent,0.75
G0183,くらい / ぐらい,大概…；到…程度,N + くらい,大概…；到…程度,一杯くらい飲む。,一杯くらい飲む。,大概喝一杯。,N3,N3|文法,,,,,,passed,pdf_extract,0.85
G0184,〜結果(けっか),〜結果(けっか),〜結果(けっか),〜結果(けっか),〜結果(けっか) の例文です。,〜結果(けっか) の例文です。,〜結果(けっか),N4,N4|文法|句型|索引補齊,,,,,例句為模板佔位，非真實例句; 意思與句型名稱相同，缺少釋義; 信心分偏低 (0.58),flagged,teacher_agent,0.58
G0185,〜こと,…的事（名詞化）,V辞書形 + こと,…的事（名詞化）,泳ぐことができる。,泳ぐことができる。,能游泳。,N4,N4|文法|句型|助詞,,,,,,passed,pdf_extract,0.85
G0186,〜ことから,因為…,V / いAdj + ことから,因為…,忙しいことから行けない。,忙しいことから行けない。,因為忙不能去。,N4,N4|文法|句型|助詞,,,,,,passed,pdf_extract,0.85
G0187,〜ことになっている,規定…；應該…,V + ことになっている,規定…；應該…,会議は十時からことになっている。,会議は十時からことになっている。,會議規定十點開始。,N4,N4|文法|句型|助詞,,,,,,passed,pdf_extract,0.85
G0188,〜ことはない,不必…,V + ことはない,不必…,心配することはない。,心配することはない。,不必擔心。,N4,N4|文法|句型|助詞,,,,,,passed,pdf_extract,0.85
G0189,〜込む,進入…；徹底…,Vます + 込む,進入…；徹底…,考え込む。,考え込む。,陷入沉思。,N4,N4|文法|句型,,,,,,passed,pdf_extract,0.85
G0190,〜最中(さいちゅう)に,〜最中(さいちゅう)に,〜最中(さいちゅう)に,〜最中(さいちゅう)に,〜最中(さいちゅう)に の例文です。,〜最中(さいちゅう)に の例文です。,〜最中(さいちゅう)に,N4,N4|文法|句型|助詞|索引補齊,,,,,例句為模板佔位，非真實例句; 意思與句型名稱相同，缺少釋義; 信心分偏低 (0.58),flagged,teacher_agent,0.58
G0191,〜際(さい)に,〜際(さい)に,〜際(さい)に,〜際(さい)に,〜際(さい)に の例文です。,〜際(さい)に の例文です。,〜際(さい)に,N4,N4|文法|句型|助詞|索引補齊,,,,,例句為模板佔位，非真實例句; 意思與句型名稱相同，缺少釋義; 信心分偏低 (0.58),flagged,teacher_agent,0.58
G0192,〜さえ,甚至…；連…都,N + さえ,甚至…；連…都,子供さえ知っている。,子供さえ知っている。,連小孩都知道。,N4,N4|文法|句型,,,,,,passed,pdf_extract,0.85
G0193,〜さえ〜ば,只要…就…,V + さえすれば,只要…就…,薬を飲みさえすれば治る。,薬を飲みさえすれば治る。,只要吃藥就會好。,N4,N4|文法|句型,,,,,,passed,pdf_extract,0.85
G0194,〜てなんかいない,才不會…,Vて + なんかいない,才不會…,負けてなんかいない。,負けてなんかいない。,才不會輸。,N4,N4|文法|句型,,,,,,passed,pdf_extract,0.85
G0195,〜なんかいられない,不會…；不可能…,Vて + なんかいられない,不會…；不可能…,黙ってなんかいられない。,黙ってなんかいられない。,不可能沉默。,N4,N4|文法|句型,,,,,,passed,pdf_extract,0.85
G0196,〜しかない,只能…；只好…,V + しかない,只能…；只好…,歩いて行くしかない。,歩いて行くしかない。,只能走著去。,N4,N4|文法|句型,,,,,,passed,pdf_extract,0.85
G0197,〜ほかない,只能…；只好…,V + ほかない,只能…；只好…,待つほかない。,待つほかない。,只能等。,N4,N4|文法|句型,,,,,,passed,pdf_extract,0.85
G0198,〜ずに,不…而…,Vずに,不…而…,食べずに帰った。,食べずに帰った。,沒吃就回去了。,N4,N4|文法|句型|助詞,,,,,,passed,pdf_extract,0.85
G0199,〜せいで,因為…（責備）,N + せいで,因為…（責備）,雨のせいで試合が中止になった。,雨のせいで試合が中止になった。,因為下雨比賽取消。,N4,N4|文法|句型|助詞,,,,,,passed,pdf_extract,0.85
G0200,〜たがる,想…（第三人稱）,Vたがる,想…（第三人稱）,子供は遊びたがる。,子供は遊びたがる。,小孩想玩。,N4,N4|文法|句型|助詞,,,,,,passed,pdf_extract,0.85
G0201,させられる,"📘 語法拆解與解析這個詞是由兩個強大的功能組合而成的:1. 使役(させ):叫別人去做。2. 被動(られる):被 ...... 。合起來就是:「被叫去做的(被迫)」。變化規律(以第一類動詞為例):將動詞字尾的  u 段音改為  a 段音,再加上  「せられる」(口語中常縮短為  「される」)。• 書(か)く (Kaku / 寫 )→書(か)かされる ( 被迫寫 ) 。• 待(ま)つ (Matsu / 等 )→ 待(ま)たされる ( 被迫等 ) 。","「前一個動作剛完成的『那一瞬間』,後面的變化就緊接著發生,而且通常帶有意外感。」 範例  B :瞬間的情緒變化(常體  / 口語)","📘 語法拆解與解析這個詞是由兩個強大的功能組合而成的:1. 使役(させ):叫別人去做。2. 被動(られる):被 ...... 。合起來就是:「被叫去做的(被迫)」。變化規律(以第一類動詞為例):將動詞字尾的  u 段音改為  a 段音,再加上  「せられる」(口語中常縮短為  「される」)。• 書(か)く (Kaku / 寫 )→書(か)かされる ( 被迫寫 ) 。• 待(ま)つ (Matsu / 等 )→ 待(ま)たされる ( 被迫等 ) 。",範例  A :意外的反應(丁寧語  / 禮貌體) 窓を  開(あ)けた  とたん、冷たい  風が  入って  きました。,範例  A :意外的反應(丁寧語  / 禮貌體) 窓を  開(あ)けた  とたん、冷たい  風が  入って  きました。,"📘 語法拆解與解析這個詞是由兩個強大的功能組合而成的:1. 使役(させ):叫別人去做。2. 被動(られる):被 ...... 。合起來就是:「被叫去做的(被迫)」。變化規律(以第一類動詞為例):將動詞字尾的  u 段音改為  a 段音,再加上  「せられる」(口語中常縮短為  「される」)。• 書(か)く (Kaku / 寫 )→書(か)かされる ( 被迫寫 ) 。• 待(ま)つ (Matsu / 等 )→ 待(ま)たされる ( 被迫等 ) 。",N3,N3|文法,"範例  A :意外的反應(丁寧語  / 禮貌體) 窓を  開(あ)けた  とたん、冷たい  風が  入って  きました。(一打開窗戶,冷風就咻地吹進來了。) 家に  帰った  とたん、安心(あんしん)した。(一回到家,瞬間就安心了。) 日 文 筆 記",,,,,corrected,grammar_teacher_agent,0.75
G0202,たとえ〜ても,たとえ〜ても,たとえ〜ても,たとえ〜ても,たとえ〜てもを使います。,たとえ〜てもを使います。,たとえ〜ても,N3,N3|文法|助詞,,,,,例句為模板佔位，非真實例句; 意思與句型名稱相同，缺少釋義; 信心分偏低 (0.5),flagged,teacher_agent,0.5
G0203,〜ため,因為…；為了…,V / N + ため,因為…；為了…,勉強するため日本へ行く。,勉強するため日本へ行く。,為了讀書去日本。,N4,N4|文法|句型,,,,,,passed,pdf_extract,0.85
G0204,〜たものだ,曾經常…（懷念）,Vた + ものだ,曾經常…（懷念）,子供の頃よく遊んだものだ。,子供の頃よく遊んだものだ。,小時候常玩。,N4,N4|文法|句型|助詞,,,,,,passed,pdf_extract,0.85
G0205,〜だけ,只…；盡…,N + だけ,只…；盡…,水だけ飲みます。,水だけ飲みます。,只喝水。,N4,N4|文法|句型,,,,,,passed,pdf_extract,0.85
G0206,〜だけてなく〜も,不僅…而且…,A + だけでなく B も,不僅…而且…,彼は英語だけでなく中国語も話せる。,彼は英語だけでなく中国語も話せる。,他不僅會英語也會中文。,N4,N4|文法|句型|助詞,,,,,,passed,pdf_extract,0.85
G0207,〜だらけ,滿是…,N + だらけ,滿是…,間違いだらけの作文。,間違いだらけの作文。,滿是錯誤的作文。,N4,N4|文法|句型,,,,,,passed,pdf_extract,0.85
G0208,〜っけ,…來著？（確認）,V + っけ,…來著？（確認）,何時だっけ。,何時だっけ。,幾點來著？,N4,N4|文法|句型,,,,,,passed,pdf_extract,0.85
G0209,〜ている場合じゃない,不是…的時候,Vている + 場合じゃない,不是…的時候,遊んでいる場合じゃない。,遊んでいる場合じゃない。,不是玩的時候。,N4,N4|文法|句型,,,,,,passed,pdf_extract,0.85
G0210,〜てからでないと,不…就不能…（必須先…）,Vて + からでないと / からでなければ,不…就不能…（必須先…）,予約してからでないと入れません。,予約してからでないと入れません。,不預約就不能進去。,N2,N4|文法|句型|助詞,,強調必須先完成前一動作，才能做後者,單純時間順序 → 用 てから 即可,與 てから（單純先後）語感不同，更強調必要條件 | 與 てから（單純先後）語感不同，更強調必要條件,,corrected,grammar_teacher_agent,0.85
G0211,〜てからでなけらば,不…就不能…（必須先…）,Vて + からでなければ,不…就不能…（必須先…）,許可をもらってからでなければ行けません。,許可をもらってからでなければ行けません。,不取得許可就不能去。,N2,N4|文法|句型|助詞,,強調必須先完成前一動作，才能做後者,單純時間順序 → 用 てから 即可,でなけらば 為口語/筆記縮寫，正式寫法為 でなければ | でなけらば 為口語/筆記縮寫，正式寫法為 でなければ,,corrected,grammar_teacher_agent,0.85
G0212,〜てしかたがない / 〜てしょうがない / 〜てたまらない,"雖然單獨使用「しかたがない」是「沒辦法」的意思,但接在  動詞或形容詞的「て形」 後面時,它的意思會轉變。",📘 核心語法解析:三種觀測規則1) 情感與感官的「自然噴湧」,"雖然單獨使用「しかたがない」是「沒辦法」的意思,但接在  動詞或形容詞的「て形」 後面時,它的意思會轉變。",〜てしかたがない / 〜てしょうがない / 〜てたまらない の例文です。,〜てしかたがない / 〜てしょうがない / 〜てたまらない の例文です。,"雖然單獨使用「しかたがない」是「沒辦法」的意思,但接在  動詞或形容詞的「て形」 後面時,它的意思會轉變。",N4,N4|文法|句型|助詞,📘 核心語法解析:三種觀測規則1) 情感與感官的「自然噴湧」,"例外:在小說等文學作品中,作者擁有上帝視角,可以直接描述角色的內心,所以不受此限。",,2) 第一人稱的「限制」與第三人稱的「觀測」,例句為模板佔位，非真實例句,flagged,teacher_agent,0.6
G0213,"原文觀測:當某種感情或身體感覺產生,且強度大到無法壓抑(抑(おさ)えられない)時使用。",關鍵動詞:常與「思(おも)える(覺得、不由得想起)」、「泣(な)ける(流淚)」等表示「自發(じはつ)」的動詞連用。,"語法功能:這代表該動作不是你刻意去做的,而是情感滿溢後自然產生的生理或心理反應。 2) 第一人稱的「限制」與第三人稱的「觀測」 原文觀測:因為這是在表達說話者「內心的欲望或感覺」,所以原則上用於第一人稱。 第三人稱的處理:如果要描述「別人(第三人稱)」的感覺,因為我們無法直接感受他人的內心,必須在句尾加上  「〜ようだ」(似乎)、「〜らしい」(聽說 / 看起來)或  「〜のだ」(解釋情況)來表示你是從外部觀測後的判斷。 3) 語境的區分:話(はな)し言葉(ことば) 語境觀測:「〜てしょうがない」 是屬於  「口語(話(はな)し言葉(ことば))」,常用於  常體(對熟人)或  丁寧語(語尾換成  です)。 正式場合:在更正式的寫作或演講中,通常會使用  「〜てしかたがない」 或  「〜てたまらない」。",關鍵動詞:常與「思(おも)える(覺得、不由得想起)」、「泣(な)ける(流淚)」等表示「自發(じはつ)」的動詞連用。,"例外:在小說等文學作品中,作者擁有上帝視角,可以直接描述角色的內心,所以不受此限。","例外:在小說等文學作品中,作者擁有上帝視角,可以直接描述角色的內心,所以不受此限。",關鍵動詞:常與「思(おも)える(覺得、不由得想起)」、「泣(な)ける(流淚)」等表示「自發(じはつ)」的動詞連用。,N3,N3|文法,"語法功能:這代表該動作不是你刻意去做的,而是情感滿溢後自然產生的生理或心理反應。 2) 第一人稱的「限制」與第三人稱的「觀測」 原文觀測:因為這是在表達說話者「內心的欲望或感覺」,所以原則上用於第一人稱。 第三人稱的處理:如果要描述「別人(第三人稱)」的感覺,因為我們無法直接感受他人的內心,必須在句尾加上  「〜ようだ」(似乎)、「〜らしい」(聽說 / 看起來)或  「〜のだ」(解釋情況)來表示你是從外部觀測後的判斷。 3) 語境的區分:話(はな)し言葉(ことば) 語境觀測:「〜てしょうがない」 是屬於  「口語(話(はな)し言葉(ことば))」,常用於  常體(對熟人)或  丁寧語(語尾換成  です)。 正式場合:在更正式的寫作或演講中,通常會使用  「〜てしかたがない」 或  「〜てたまらない」。","例外:在小說等文學作品中,作者擁有上帝視角,可以直接描述角色的內心,所以不受此限。",,2) 第一人稱的「限制」與第三人稱的「觀測」,grammar_point 疑似誤拆（例句/說明文字）,excluded,pdf_extract,0.95
G0214,〜て済む,📘 語法拆解與解析:から  (kara) 的兩大功能1. 表示「原因、理由」,接續:動詞常體(如:行った  / itta ) + から。 接續:動詞  て形(如:確認して  / kakunishite ) + から。,📘 語法拆解與解析:から  (kara) 的兩大功能1. 表示「原因、理由」,謝って済む問題じゃない。,謝って済む問題じゃない。,不是道歉就能解決的。,N4,N4|文法|句型,"功能:標示出一個原因或理由,語氣通常比「ので」更強調說話者的主觀想法。 圖片中的位置:選項  1 的  行った  から(因為去了)。 2. 表示「動作的先後順序」 功能:表示「在  A 動作完成之後,緊接著做  B 動作」。 圖片中的位置:選項  3 的  確認(かくにん)して  から(確認過後才 ...... )。 日 文 筆 記","例外:在小說等文學作品中,作者擁有上帝視角,可以直接描述角色的內心,所以不受此限。",,2) 第一人稱的「限制」與第三人稱的「觀測」,,passed,pdf_extract,0.95
G0215,〜てたまらない,"1. 核心概念拆解這兩個句型的根本差異,在於它們強調的「無力感」來源不同:• 〜てたまらない    ◦ 語源: 來自於動詞「堪まる(忍受)」,否定形就是「無法忍受」。    ◦ 核心: 強調「忍耐的極限」。某種感覺太強烈了,以至於你「快憋不住了」、「受不了了」。• 〜てしょうがない(〜てしかたがない)    ◦ 語源: 來自於「仕様がない(沒有辦法)」。    ◦ 核心: 強調「控制的極限」。某種情緒或狀態自然而然地發生,你「拿它沒辦法」、「無法控制它不發生」。2. 〜てたまらない:強調「無法忍耐、快憋不住了」這個句型通常用在強烈的肉體感覺、生理現象,或是極度渴望的心理狀態。因為這些感覺會逼近你的忍受極限。【常見搭配】• 肉體感覺: 痛い(痛)、かゆい(癢)、暑い(熱)、喉が渇く(口渴)• 強烈慾望: 〜たい(想 ... )、〜てほしい(希望 ... )例句:• 蚊に刺されたところ、かゆくてたまらない。(被蚊子叮到的地方,癢得受不了。 👉  癢到快超過忍耐極限了)• 彼女に会いたくてたまらない。(想見她想得不得了。 👉  渴望到快憋不住了)3. 〜てしょうがない:強調「無法控制、自然湧現」這個句型通常用在大腦或身體「自動產生」的情緒、想法或狀態。因為它是大腦自動跳出來的,所以你「拿它沒辦法」。【常見搭配】• 自發性動詞(自然浮現的念頭): 気になる(在意)、思える(覺得)、泣けてくる(不禁流下眼淚)• 無法控制的生理狀態: 眠い(睏)、疲れる(累)例句:• 明日の試験の結果が気になってしょうがない。(超在意明天考試的結果。 👉  腦袋一直自動浮現這個念頭,我控制不了我自己)• あくびが出て、眠くてしょうがない。(一直打哈欠,睏得不得了。 👉  睡意自然襲來,拿它沒辦法)4. 關鍵區別:什麼時候不能互換?在很多表達情緒(如:悲しい、嬉しい)或感覺(如:寒い)的時候,兩者是可以互換的,只是語感微調(一個強調快受不了,一個強調無法控制)。但有兩種情況,它們不能互換:🔴 情況  A :表示「強烈的慾望(〜たい)」時,只能用「たまらない」當你想表達「我超級想做某事」時,這種衝動是一種需要被忍耐的慾望,而不是不受控的念頭。• ⭕  ケーキが食べたくてたまらない。(想吃蛋糕想得受不了)• ❌  ケーキが食べたくてしょうがない。(極少這樣說,聽起來很不自然)🔴 情況  B :搭配「自發性動詞(自然浮現的念頭)」時,只能用「しょうがない」當使用「気になる(在意)」、「思い出される(不禁回想起)」這類大腦自動運作的詞時,沒有所謂忍不忍耐的問題,而是你拿你的大腦沒辦法。• ⭕  彼のことが気になってしょうがない。(在意他得不得了  / 控制不住去想他)• ❌  彼のことが気になってたまらない。(不自然,因為「在意」不是一種需要憋住的生理痛覺或慾望)📊 總結比較表句型字面意思核心語感最適合搭配的詞彙例句〜てたまらない無法忍受忍耐的極限( 快受不了了! ) 痛い、かゆい、〜たい  ( 強烈慾望 ) 喉が渇くてたまらない。( 渴到受不了 )〜てしょうがない沒有辦法控制的極限( 拿它沒轍! ) 気になる、思える、眠い  ( 自然發生的狀態 ) 気になってしょうがない。( 在意到不行  / 滿腦子都是 )💡 記憶小訣竅:下次遇到這兩個文法,不要在腦中翻成「 ...... 得不得了」,試著把它們翻成:",日 文 筆 記,"1. 核心概念拆解這兩個句型的根本差異,在於它們強調的「無力感」來源不同:• 〜てたまらない    ◦ 語源: 來自於動詞「堪まる(忍受)」,否定形就是「無法忍受」。    ◦ 核心: 強調「忍耐的極限」。某種感覺太強烈了,以至於你「快憋不住了」、「受不了了」。• 〜てしょうがない(〜てしかたがない)    ◦ 語源: 來自於「仕様がない(沒有辦法)」。    ◦ 核心: 強調「控制的極限」。某種情緒或狀態自然而然地發生,你「拿它沒辦法」、「無法控制它不發生」。2. 〜てたまらない:強調「無法忍耐、快憋不住了」這個句型通常用在強烈的肉體感覺、生理現象,或是極度渴望的心理狀態。因為這些感覺會逼近你的忍受極限。【常見搭配】• 肉體感覺: 痛い(痛)、かゆい(癢)、暑い(熱)、喉が渇く(口渴)• 強烈慾望: 〜たい(想 ... )、〜てほしい(希望 ... )例句:• 蚊に刺されたところ、かゆくてたまらない。(被蚊子叮到的地方,癢得受不了。 👉  癢到快超過忍耐極限了)• 彼女に会いたくてたまらない。(想見她想得不得了。 👉  渴望到快憋不住了)3. 〜てしょうがない:強調「無法控制、自然湧現」這個句型通常用在大腦或身體「自動產生」的情緒、想法或狀態。因為它是大腦自動跳出來的,所以你「拿它沒辦法」。【常見搭配】• 自發性動詞(自然浮現的念頭): 気になる(在意)、思える(覺得)、泣けてくる(不禁流下眼淚)• 無法控制的生理狀態: 眠い(睏)、疲れる(累)例句:• 明日の試験の結果が気になってしょうがない。(超在意明天考試的結果。 👉  腦袋一直自動浮現這個念頭,我控制不了我自己)• あくびが出て、眠くてしょうがない。(一直打哈欠,睏得不得了。 👉  睡意自然襲來,拿它沒辦法)4. 關鍵區別:什麼時候不能互換?在很多表達情緒(如:悲しい、嬉しい)或感覺(如:寒い)的時候,兩者是可以互換的,只是語感微調(一個強調快受不了,一個強調無法控制)。但有兩種情況,它們不能互換:🔴 情況  A :表示「強烈的慾望(〜たい)」時,只能用「たまらない」當你想表達「我超級想做某事」時,這種衝動是一種需要被忍耐的慾望,而不是不受控的念頭。• ⭕  ケーキが食べたくてたまらない。(想吃蛋糕想得受不了)• ❌  ケーキが食べたくてしょうがない。(極少這樣說,聽起來很不自然)🔴 情況  B :搭配「自發性動詞(自然浮現的念頭)」時,只能用「しょうがない」當使用「気になる(在意)」、「思い出される(不禁回想起)」這類大腦自動運作的詞時,沒有所謂忍不忍耐的問題,而是你拿你的大腦沒辦法。• ⭕  彼のことが気になってしょうがない。(在意他得不得了  / 控制不住去想他)• ❌  彼のことが気になってたまらない。(不自然,因為「在意」不是一種需要憋住的生理痛覺或慾望)📊 總結比較表句型字面意思核心語感最適合搭配的詞彙例句〜てたまらない無法忍受忍耐的極限( 快受不了了! ) 痛い、かゆい、〜たい  ( 強烈慾望 ) 喉が渇くてたまらない。( 渴到受不了 )〜てしょうがない沒有辦法控制的極限( 拿它沒轍! ) 気になる、思える、眠い  ( 自然發生的狀態 ) 気になってしょうがない。( 在意到不行  / 滿腦子都是 )💡 記憶小訣竅:下次遇到這兩個文法,不要在腦中翻成「 ...... 得不得了」,試著把它們翻成:",〜てたまらない の例文です。,〜てたまらない の例文です。,"1. 核心概念拆解這兩個句型的根本差異,在於它們強調的「無力感」來源不同:• 〜てたまらない    ◦ 語源: 來自於動詞「堪まる(忍受)」,否定形就是「無法忍受」。    ◦ 核心: 強調「忍耐的極限」。某種感覺太強烈了,以至於你「快憋不住了」、「受不了了」。• 〜てしょうがない(〜てしかたがない)    ◦ 語源: 來自於「仕様がない(沒有辦法)」。    ◦ 核心: 強調「控制的極限」。某種情緒或狀態自然而然地發生,你「拿它沒辦法」、「無法控制它不發生」。2. 〜てたまらない:強調「無法忍耐、快憋不住了」這個句型通常用在強烈的肉體感覺、生理現象,或是極度渴望的心理狀態。因為這些感覺會逼近你的忍受極限。【常見搭配】• 肉體感覺: 痛い(痛)、かゆい(癢)、暑い(熱)、喉が渇く(口渴)• 強烈慾望: 〜たい(想 ... )、〜てほしい(希望 ... )例句:• 蚊に刺されたところ、かゆくてたまらない。(被蚊子叮到的地方,癢得受不了。 👉  癢到快超過忍耐極限了)• 彼女に会いたくてたまらない。(想見她想得不得了。 👉  渴望到快憋不住了)3. 〜てしょうがない:強調「無法控制、自然湧現」這個句型通常用在大腦或身體「自動產生」的情緒、想法或狀態。因為它是大腦自動跳出來的,所以你「拿它沒辦法」。【常見搭配】• 自發性動詞(自然浮現的念頭): 気になる(在意)、思える(覺得)、泣けてくる(不禁流下眼淚)• 無法控制的生理狀態: 眠い(睏)、疲れる(累)例句:• 明日の試験の結果が気になってしょうがない。(超在意明天考試的結果。 👉  腦袋一直自動浮現這個念頭,我控制不了我自己)• あくびが出て、眠くてしょうがない。(一直打哈欠,睏得不得了。 👉  睡意自然襲來,拿它沒辦法)4. 關鍵區別:什麼時候不能互換?在很多表達情緒(如:悲しい、嬉しい)或感覺(如:寒い)的時候,兩者是可以互換的,只是語感微調(一個強調快受不了,一個強調無法控制)。但有兩種情況,它們不能互換:🔴 情況  A :表示「強烈的慾望(〜たい)」時,只能用「たまらない」當你想表達「我超級想做某事」時,這種衝動是一種需要被忍耐的慾望,而不是不受控的念頭。• ⭕  ケーキが食べたくてたまらない。(想吃蛋糕想得受不了)• ❌  ケーキが食べたくてしょうがない。(極少這樣說,聽起來很不自然)🔴 情況  B :搭配「自發性動詞(自然浮現的念頭)」時,只能用「しょうがない」當使用「気になる(在意)」、「思い出される(不禁回想起)」這類大腦自動運作的詞時,沒有所謂忍不忍耐的問題,而是你拿你的大腦沒辦法。• ⭕  彼のことが気になってしょうがない。(在意他得不得了  / 控制不住去想他)• ❌  彼のことが気になってたまらない。(不自然,因為「在意」不是一種需要憋住的生理痛覺或慾望)📊 總結比較表句型字面意思核心語感最適合搭配的詞彙例句〜てたまらない無法忍受忍耐的極限( 快受不了了! ) 痛い、かゆい、〜たい  ( 強烈慾望 ) 喉が渇くてたまらない。( 渴到受不了 )〜てしょうがない沒有辦法控制的極限( 拿它沒轍! ) 気になる、思える、眠い  ( 自然發生的狀態 ) 気になってしょうがない。( 在意到不行  / 滿腦子都是 )💡 記憶小訣竅:下次遇到這兩個文法,不要在腦中翻成「 ...... 得不得了」,試著把它們翻成:",N4,N4|文法|句型,日 文 筆 記,"1. 核心概念拆解這兩個句型的根本差異,在於它們強調的「無力感」來源不同:• 〜てたまらない    ◦ 語源: 來自於動詞「堪まる(忍受)」,否定形就是「無法忍受」。    ◦ 核心: 強調「忍耐的極限」。某種感覺太強烈了,以至於你「快憋不住了」、「受不了了」。• 〜てしょうがない(〜てしかたがない)    ◦ 語源: 來自於「仕様がない(沒有辦法)」。    ◦ 核心: 強調「控制的極限」。某種情緒或狀態自然而然地發生,你「拿它沒辦法」、「無法控制它不發生」。2. 〜てたまらない:強調「無法忍耐、快憋不住了」這個句型通常用在強烈的肉體感覺、生理現象,或是極度渴望的心理狀態。因為這些感覺會逼近你的忍受極限。【常見搭配】• 肉體感覺: 痛い(痛)、かゆい(癢)、暑い(熱)、喉が渇く(口渴)• 強烈慾望: 〜たい(想 ... )、〜てほしい(希望 ... )例句:• 蚊に刺されたところ、かゆくてたまらない。(被蚊子叮到的地方,癢得受不了。 👉  癢到快超過忍耐極限了)• 彼女に会いたくてたまらない。(想見她想得不得了。 👉  渴望到快憋不住了)3. 〜てしょうがない:強調「無法控制、自然湧現」這個句型通常用在大腦或身體「自動產生」的情緒、想法或狀態。因為它是大腦自動跳出來的,所以你「拿它沒辦法」。【常見搭配】• 自發性動詞(自然浮現的念頭): 気になる(在意)、思える(覺得)、泣けてくる(不禁流下眼淚)• 無法控制的生理狀態: 眠い(睏)、疲れる(累)例句:• 明日の試験の結果が気になってしょうがない。(超在意明天考試的結果。 👉  腦袋一直自動浮現這個念頭,我控制不了我自己)• あくびが出て、眠くてしょうがない。(一直打哈欠,睏得不得了。 👉  睡意自然襲來,拿它沒辦法)4. 關鍵區別:什麼時候不能互換?在很多表達情緒(如:悲しい、嬉しい)或感覺(如:寒い)的時候,兩者是可以互換的,只是語感微調(一個強調快受不了,一個強調無法控制)。但有兩種情況,它們不能互換:🔴 情況  A :表示「強烈的慾望(〜たい)」時,只能用「たまらない」當你想表達「我超級想做某事」時,這種衝動是一種需要被忍耐的慾望,而不是不受控的念頭。• ⭕  ケーキが食べたくてたまらない。(想吃蛋糕想得受不了)• ❌  ケーキが食べたくてしょうがない。(極少這樣說,聽起來很不自然)🔴 情況  B :搭配「自發性動詞(自然浮現的念頭)」時,只能用「しょうがない」當使用「気になる(在意)」、「思い出される(不禁回想起)」這類大腦自動運作的詞時,沒有所謂忍不忍耐的問題,而是你拿你的大腦沒辦法。• ⭕  彼のことが気になってしょうがない。(在意他得不得了  / 控制不住去想他)• ❌  彼のことが気になってたまらない。(不自然,因為「在意」不是一種需要憋住的生理痛覺或慾望)📊 總結比較表句型字面意思核心語感最適合搭配的詞彙例句〜てたまらない無法忍受忍耐的極限( 快受不了了! ) 痛い、かゆい、〜たい  ( 強烈慾望 ) 喉が渇くてたまらない。( 渴到受不了 )〜てしょうがない沒有辦法控制的極限( 拿它沒轍! ) 気になる、思える、眠い  ( 自然發生的狀態 ) 気になってしょうがない。( 在意到不行  / 滿腦子都是 )💡 記憶小訣竅:下次遇到這兩個文法,不要在腦中翻成「 ...... 得不得了」,試著把它們翻成:",,,例句為模板佔位，非真實例句,flagged,teacher_agent,0.6
G0216,〜て初めて,…才第一次…,Vて + 初めて,…才第一次…,日本に来て初めて寿司を食べた。,日本に来て初めて寿司を食べた。,來日本才第一次吃壽司。,N4,N4|文法|句型,,,,,,passed,pdf_extract,0.85
G0217,〜ても構わない,…也沒關係,Vても + 構わない,…也沒關係,少し遅れても構わない。,少し遅れても構わない。,晚一點也沒關係。,N4,N4|文法|句型|助詞,,,,,,passed,pdf_extract,0.85
G0218,〜てもしかたがない,…也沒辦法,Vて + もしかたがない,…也沒辦法,忙しくてもしかたがない。,忙しくてもしかたがない。,忙也沒辦法。,N4,N4|文法|句型|助詞,,,,,,passed,pdf_extract,0.85
G0219,〜てもしょうがない,…也沒辦法,Vて + もしょうがない,…也沒辦法,今さら後悔してもしょうがない。,今さら後悔してもしょうがない。,現在後悔也沒用。,N4,N4|文法|句型|助詞,,,,,,passed,pdf_extract,0.85
G0220,〜ても始まらない,…也沒用,Vても + 始まらない,…也沒用,今さら後悔しても始まらない。,今さら後悔しても始まらない。,現在後悔也沒用。,N4,N4|文法|句型|助詞,,,,,,passed,pdf_extract,0.85
G0221,~ ということだ,"這個句型主要用於將你聽到的訊息,原封不動或稍微整理後轉達給第三人。",2. 接續規則,"這個句型主要用於將你聽到的訊息,原封不動或稍微整理後轉達給第三人。","圖片中特別提醒了一個觀測點:當你要傳達「送り行(い)きました(寄了)」這件事時,必須將動詞改回  「常體(普通體)」(送った),再加上「とのことです」。","圖片中特別提醒了一個觀測點:當你要傳達「送り行(い)きました(寄了)」這件事時,必須將動詞改回  「常體(普通體)」(送った),再加上「とのことです」。","這個句型主要用於將你聽到的訊息,原封不動或稍微整理後轉達給第三人。",N3,N3|文法|句型|助詞,"圖片中特別提醒了一個觀測點:當你要傳達「送り行(い)きました(寄了)」這件事時,必須將動詞改回  「常體(普通體)」(送った),再加上「とのことです」。 💬 區分語境:丁寧語(禮貌) 「〜とのことです」 屬於非常得體、有禮貌的表達方式,常用於: 1. 職場傳言:幫同事或主管接電話後,向另一方轉達訊息。 2. 正式報告:將客戶的要求傳達給內部團隊。 比起口語的「〜って(聽說)」,它更顯得專業且客觀。 💡 老師的語感加油站:資訊的「搬運工」 在日文的觀測視角中,使用「とのことです」代表你只是一個資訊的「搬運工」,你對訊息內容的真實性不負  100% 的責任,只是如實轉述。這在強調風險管理的日本職場非常重要。 日 文 筆 記",,,老師的語感加油站:資訊的「搬運工」,,corrected,grammar_teacher_agent,0.75
G0222,A といっても B,A といっても B,A といっても B,A といっても B,A といっても Bを使います。,A といっても Bを使います。,A といっても B,N3,N3|文法|助詞,,,,老師的語感加油站:資訊的「搬運工」,例句為模板佔位，非真實例句; 意思與句型名稱相同，缺少釋義; 信心分偏低 (0.5),flagged,teacher_agent,0.5
G0223,〜通す,…到底；徹底…,Vます + 通す,…到底；徹底…,言い通す。,言い通す。,堅持說到底。,N4,N4|文法|句型,,,,,,passed,pdf_extract,0.85
G0224,とおり,とおり,とおり,とおり,とおりを使います。,とおりを使います。,とおり,N3,N3|文法|助詞,,,,,例句為模板佔位，非真實例句; 意思與句型名稱相同，缺少釋義; 信心分偏低 (0.5),flagged,teacher_agent,0.5
G0225,〜としたら,假如…；要是…,V / N + としたら,假如…；要是…,私が社長だとしたら。,私が社長だとしたら。,假如我是社長。,N4,N4|文法|句型|助詞,,,,,,passed,pdf_extract,0.85
G0226,〜として,作為…,接續:數量詞  + ほど,作為…,教師として働く。,教師として働く。,作為老師工作。,N4,N4|文法|句型|助詞,1. 大約、大槪(數量的模糊估計) 核心含義:「大約 ...... 」、「 ...... 左右」。,,,,,passed,pdf_extract,0.85
G0227,ほど,"語感:和「くらい  / くらい」的意思一樣,但「ほど」的語感更為正式、更具書面語感,在商務郵件或報告中非常實用。",接續:動詞常體  / 名詞  + ほど 文法結構:【動詞ば形+動詞原型+ほど】 或  【い形ければ+い形原型+ほど】,"語感:和「くらい  / くらい」的意思一樣,但「ほど」的語感更為正式、更具書面語感,在商務郵件或報告中非常實用。",例句:,例句:,"語感:和「くらい  / くらい」的意思一樣,但「ほど」的語感更為正式、更具書面語感,在商務郵件或報告中非常實用。",N3,N3|文法,"会議(かいぎ)は  一時間(いちじかん)  ほど  で  終わります。(會議大約一個小時左右就會結束。) 2. 到達了 ...... 的程度(誇張或具體的比喻) 核心含義:「甚至到 ...... 的程度」、「 ...... 得不得了」。 觀測邏輯:當你想形容某個狀態很誇張時,拿一個具體的情況來當作「尺」去量它。 3. 越 ...... 就越 ...... (比例的平行推進) 核心含義:「越 ...... 越 ...... 」。 觀測邏輯:隨著  A 的程度增加, B 的程度也等比例增加。 日本語(にほんご)は、勉強(べんきょう)すれば  勉強する  ほど  面白い。(日文是越學越覺得有趣。) 日 文 筆 記",,,,,passed,pdf_extract,0.95
G0228,〜としても,即使…也…,V / N + としても,即使…也…,行くとしても一人では行かない。,行くとしても一人では行かない。,即使去也不一個人去。,N4,N4|文法|句型|助詞,,,,,,passed,pdf_extract,0.85
G0229,〜たとたん,一…就…（意外結果）,Vた + とたん（に）,一…就…（意外結果）,ドアを開けたとたん、猫が飛び出した。,ドアを開けたとたん、猫が飛び出した。,一開門，貓就跳了出來。,N4,N4|文法|句型|助詞,,,,,,passed,pdf_extract,0.85
G0230,〜途中,在…途中,N + 途中,在…途中,帰り途中で雨が降った。,帰り途中で雨が降った。,回家途中下雨了。,N4,N4|文法|句型,,,,,,passed,pdf_extract,0.85
G0231,〜とともに,與…一起；隨著…,N + とともに,與…一起；隨著…,経済の発展とともに。,経済の発展とともに。,隨經濟發展。,N4,N4|文法|句型|助詞,,,,,,passed,pdf_extract,0.85
G0232,〜とのことだ,聽說…,V / いAdj + とのことだ,聽說…,彼は来ないとのことだ。,彼は来ないとのことだ。,聽說他不來。,N4,N4|文法|句型|助詞,,,,,,passed,pdf_extract,0.85
G0233,〜とは限らない,不一定…,V / いAdj + とは限らない,不一定…,高いとは限らない。,高いとは限らない。,不一定貴。,N4,N4|文法|句型|助詞,,,,,,passed,pdf_extract,0.85
G0234,〜とみえる,看來…,V / いAdj + とみえる,看來…,雨が降るとみえる。,雨が降るとみえる。,看來要下雨。,N4,N4|文法|句型|助詞,,,,,,passed,pdf_extract,0.85
G0235,〜なあ,…啊（感嘆）,V / いAdj + なあ,…啊（感嘆）,いい天気だなあ。,いい天気だなあ。,天氣真好啊。,N4,N4|文法|句型,,,,,,passed,pdf_extract,0.85
G0236,〜直す,重新…；…回去,Vます + 直す,重新…；…回去,書き直す。,書き直す。,重寫。,N4,N4|文法|句型,,,,,,passed,pdf_extract,0.85
G0237,〜なんてだろう,多麼…啊,V / いAdj + なんてだろう,多麼…啊,きれいなんてだろう。,きれいなんてだろう。,多麼漂亮啊。,N4,N4|文法|句型,,,,,,passed,pdf_extract,0.85
G0238,〜において,在…；於…,N + において,在…；於…,日本において人気がある。,日本において人気がある。,在日本很受歡迎。,N4,N4|文法|句型|助詞,,,,,,passed,pdf_extract,0.85
G0239,〜における,在…方面的,N + における,在…方面的,日本における文化。,日本における文化。,在日本方面的文化。,N4,N4|文法|句型|助詞,,,,,,passed,pdf_extract,0.85
G0240,〜に限る,…最好；唯有…,V / N + に限る,…最好；唯有…,夏はビールに限る。,夏はビールに限る。,夏天最好喝啤酒。,N4,N4|文法|句型|助詞,,,,,,passed,pdf_extract,0.85
G0241,〜にかけては,在…方面（擅長）,N + にかけては,在…方面（擅長）,料理にかけては彼が一番だ。,料理にかけては彼が一番だ。,做菜方面他最好。,N4,N4|文法|句型|助詞,,,,,,passed,pdf_extract,0.85
G0242,〜に代わって,代替…,N + に代わって,代替…,社長に代わって副社長が挨拶した。,社長に代わって副社長が挨拶した。,副社長代替社長致詞。,N4,N4|文法|句型|助詞,,,,,,passed,pdf_extract,0.85
G0243,〜に関して,關於…,N + に関して,關於…,この件に関して質問がある。,この件に関して質問がある。,關於這件事有問題。,N4,N4|文法|句型|助詞,,,,,,passed,pdf_extract,0.85
G0244,〜に決まっている,肯定…；一定…（說話者確信）,V / いAdj + に決まっている,肯定…；一定…（說話者確信）,彼は犯人に決まっている。,彼は犯人に決まっている。,他肯定是犯人。,N4,N4|文法|句型|助詞,,,,,,passed,pdf_extract,0.85
G0245,〜に比べて,與…相比,N + に比べて,與…相比,去年に比べて暖かい。,去年に比べて暖かい。,比去年暖和。,N4,N4|文法|句型|助詞,,,,,,passed,pdf_extract,0.85
G0246,〜にしたげって,親切地…,Vて + にしたげて,親切地…,教えてにしたげてくれた。,教えてにしたげてくれた。,親切地教了我。,N4,N4|文法|句型|助詞,,,,,,passed,pdf_extract,0.85
G0247,〜に対して,對於…；相對於…,N + に対して,對於…；相對於…,彼に対して失礼だ。,彼に対して失礼だ。,對他很失禮。,N4,N4|文法|句型|助詞,,,,,,passed,pdf_extract,0.85
G0248,〜に違いない,一定…；肯定…（有根據的推斷）,V / いAdj / なAdj + に違いない,一定…；肯定…（有根據的推斷）,彼は犯人に違いない。,彼は犯人に違いない。,他一定是犯人。,N3,N4|文法|句型|助詞,,有根據地確信（きっと〜だ）,沒有根據的單純猜測 → かもしれない,比 だろう 語氣更肯定 | 比 だろう 語氣更肯定,,corrected,grammar_teacher_agent,0.85
G0249,〜について,關於…,N + について,關於…,日本について話します。,日本について話します。,談論關於日本的事。,N4,N4|文法|句型|助詞,,,,,,passed,pdf_extract,0.85
G0250,〜につれて,隨著…（漸變）,N + につれて,隨著…（漸變）,春が近づくにつれて暖かくなる。,春が近づくにつれて暖かくなる。,隨春天接近漸漸變暖。,N4,N4|文法|句型|助詞,,,,,,passed,pdf_extract,0.85
G0251,〜には,對於…；在…方面,N / V + には,對於…；在…方面,子供には難しすぎる。,子供には難しすぎる。,對小孩來說太難了。,N4,N4|文法|句型|助詞,,,,,,passed,pdf_extract,0.85
G0252,〜に反する,違反…,N + に反する,違反…,規則に反する行為だ。,規則に反する行為だ。,違反規則的行為。,N4,N4|文法|句型|助詞,,,,,,passed,pdf_extract,0.85
G0253,〜によって,由於…；根據…；靠…,N + によって,由於…；根據…；靠…,人によって考え方が違う。,人によって考え方が違う。,因人想法而異。,N4,N4|文法|句型|助詞,,,,,,passed,pdf_extract,0.85
G0254,〜わたって,遍及…；貫穿…,N + にわたって,遍及…；貫穿…,全国にわたって調査した。,全国にわたって調査した。,遍及全國調查。,N4,N4|文法|句型,,,,,,passed,pdf_extract,0.85
G0255,〜にわたる,遍及…的,N + にわたる,遍及…的,広範囲にわたる問題。,広範囲にわたる問題。,大範圍的問題。,N4,N4|文法|句型|助詞,,,,,,passed,pdf_extract,0.85
G0256,〜のでしょうか,是否…呢（禮貌疑問）,V + のでしょうか,是否…呢（禮貌疑問）,いらっしゃるのでしょうか。,いらっしゃるのでしょうか。,您在嗎？,N4,N4|文法|句型|助詞,,,,,,passed,pdf_extract,0.85
G0257,〜んでしょうか,是否…呢,V + んでしょうか,是否…呢,分かるんでしょうか。,分かるんでしょうか。,您明白嗎？,N4,N4|文法|句型|助詞,,,,,,passed,pdf_extract,0.85
G0258,〜はずがない,不可能…；不會…,V / いAdj + はずがない,不可能…；不會…,彼がそんなことをするはずがない。,彼がそんなことをするはずがない。,他不可能做那種事。,N4,N4|文法|句型|助詞,,,,,,passed,pdf_extract,0.85
G0259,〜は別として,…姑且不論；先不談…,N + は別として,…姑且不論；先不談…,値段は別として、品質はいいです。,値段は別として、品質はいいです。,價格姑且不論，品質很好。,N2,N4|文法|句型|助詞,,暫時擱置某議題，討論其他方面,❌ 不是「作為…」的意思 → 那是 として,不要與 として（作為）混淆 | 不要與 として（作為）混淆,,corrected,grammar_teacher_agent,0.85
G0260,〜はもちろん,…自不用說,N + はもちろん,…自不用說,日本語はもちろん英語も話せる。,日本語はもちろん英語も話せる。,日語自不用說，英語也會。,N4,N4|文法|句型|助詞,,,,,,passed,pdf_extract,0.85
G0261,〜ばかりでなく〜も,不僅…而且…,A ばかりでなく B も,不僅…而且…,彼は英語ばかりでなく、中国語も話せます。,彼は英語ばかりでなく、中国語も話せます。,他不僅會英語，也會中文。,N4,N4|文法|句型|助詞,,,,,,passed,pdf_extract,0.85
G0262,〜ば,如果…就…,Vば,如果…就…,晴れれば出かけます。,晴れれば出かけます。,如果晴天就出門。,N4,N4|文法|句型,,,,,,passed,pdf_extract,0.85
G0263,〜ふりをする,假裝…,V / N + ふりをする,假裝…,知らないふりをする。,知らないふりをする。,假裝不知道。,N4,N4|文法|句型|助詞,,,,,,passed,pdf_extract,0.85
G0264,〜ぶり,…以來（隔了…）,N + ぶり,…以來（隔了…）,十年ぶりに会った。,十年ぶりに会った。,十年來第一次見面。,N4,N4|文法|句型,,,,,,passed,pdf_extract,0.85
G0265,〜べきだ,應該…,V + べきだ,應該…,約束は守るべきだ。,約束は守るべきだ。,應該遵守約定。,N4,N4|文法|句型,,,,,,passed,pdf_extract,0.85
G0266,〜べきだった,應該…（後悔）,V + べきだった,應該…（後悔）,もっと勉強すべきだった。,もっと勉強すべきだった。,應該更努力讀書。,N4,N4|文法|句型,,,,,,passed,pdf_extract,0.85
G0267,〜ほど,越…越…；到…程度,V + ほど,越…越…；到…程度,見れば見るほど好きになる。,見れば見るほど好きになる。,越看越喜歡。,N4,N4|文法|句型,,,,,,passed,pdf_extract,0.85
G0268,〜はど〜はない,既不…也不…,A + はど + B + はない,既不…也不…,高いのはど安いのはない。,高いのはど安いのはない。,既沒貴的也沒便宜的。,N4,N4|文法|句型|助詞,,,,,,passed,pdf_extract,0.85
G0269,〜向き(むき):本質上就很適合某人(天然的適合)。,〜向き(むき):本質上就很適合某人(天然的適合)。,〜向き(むき):本質上就很適合某人(天然的適合)。,〜向き(むき):本質上就很適合某人(天然的適合)。,〜向き(むき):本質上就很適合某人(天然的適合)。 の例文です。,〜向き(むき):本質上就很適合某人(天然的適合)。 の例文です。,〜向き(むき):本質上就很適合某人(天然的適合)。,N4,N4|文法|句型|索引補齊,,,,,例句為模板佔位，非真實例句; 意思與句型名稱相同，缺少釋義; 信心分偏低 (0.58),flagged,teacher_agent,0.58
G0270,〜向け(むけ):為了某個特定對象而特別製造、設計的(人為的針對)。,〜向け(むけ):為了某個特定對象而特別製造、設計的(人為的針對)。,〜向け(むけ):為了某個特定對象而特別製造、設計的(人為的針對)。,〜向け(むけ):為了某個特定對象而特別製造、設計的(人為的針對)。,〜向け(むけ):為了某個特定對象而特別製造、設計的(人為的針對)。 の例文です。,〜向け(むけ):為了某個特定對象而特別製造、設計的(人為的針對)。 の例文です。,〜向け(むけ):為了某個特定對象而特別製造、設計的(人為的針對)。,N4,N4|文法|句型|索引補齊,,,,,例句為模板佔位，非真實例句; 意思與句型名稱相同，缺少釋義; 信心分偏低 (0.58),flagged,teacher_agent,0.58
G0271,〜も〜ば,又…又…,Nも + Vば,又…又…,雨も降れば風も吹く。,雨も降れば風も吹く。,又下雨又刮風。,N4,N4|文法|句型|助詞,,,,,,passed,pdf_extract,0.85
G0272,〜ようがない,無法…,V + ようがない,無法…,信じようがない。,信じようがない。,無法相信。,N4,N4|文法|句型|助詞,,,,,,passed,pdf_extract,0.85
G0273,〜ようとする,正要…；試圖…,Vようとする,正要…；試圖…,出かけようとした。,出かけようとした。,正要出門。,N4,N4|文法|句型|助詞,,,,,,passed,pdf_extract,0.85
G0274,〜わけがない,不可能…,V + わけがない,不可能…,そんなわけがない。,そんなわけがない。,不可能有那種事。,N4,N4|文法|句型|助詞,,,,,,passed,pdf_extract,0.85
G0275,〜わけだ,難怪…；原來…,V / いAdj + わけだ,難怪…；原來…,暖かいわけだ。春になったからだ。,暖かいわけだ。春になったからだ。,難怪暖和，因為春天到了。,N4,N4|文法|句型,,,,,,passed,pdf_extract,0.85
G0276,〜わけではない,並非…；不完全是…,V / いAdj + わけではない,並非…；不完全是…,行きたくないわけではない。,行きたくないわけではない。,並非不想去。,N3,N4|文法|句型|助詞,,部分否定、澄清誤解,全盤否定用 ない 即可,與 わけがない（不可能）不同 | 與 わけがない（不可能）不同,,corrected,grammar_teacher_agent,0.85
G0277,〜わけなはいかない,不得不…；忍不住…,V + にはいられない,不得不…；忍不住…,笑わずにはいられない。,笑わずにはいられない。,忍不住笑。,N4,N4|文法|句型|助詞,,,,,,passed,pdf_extract,0.85
G0278,📘 多い → 多くの,"當你想表達「很多的 ... 」並放在名詞前面時,必須把  多い 變成名詞形式  多く,然後加上  「の」。• 正確:多く  の 知識  ( ✅ )• 正確:多く  の 人  ( ✅ )","日文中有四個字,在修飾名詞時最常使用這種  「名詞  + の」 的變身型態:1. 多い → 多く  の ( 許多 ...)2. 少ない → 少な(すくな)く  の ( 極少數的 ... 註:較少見,通常直接用「少ない人」在某些特定語法下,但「多くの」最常用)3. 遠い → 遠(とお)く  の ( 遠方的 ...)4. 近い → 近(ちか)く  の ( 附近的 ...)範例:近く  の  公園(こうえん)へ  行(い)きます。( 去附近的公園。 )→ 這裡也不會說「近い公園」,雖然文法上勉強通,但「近くの」更自然。","當你想表達「很多的 ... 」並放在名詞前面時,必須把  多い 變成名詞形式  多く,然後加上  「の」。• 正確:多く  の 知識  ( ✅ )• 正確:多く  の 人  ( ✅ )","💬 語感觀測:什麼時候可以用「多い」? 💡 老師的語感加油站:四個特殊的「の」 📘 核心解析:〜てくる 這個句型在這裡代表了兩個關鍵的意義: 1. 動作的「開始」與「發生」 當一個現象(如:雨、雪、風)從「沒有」變成「有」,或者突然開始時,日本人會習慣用「〜てきた」。","💬 語感觀測:什麼時候可以用「多い」? 💡 老師的語感加油站:四個特殊的「の」 📘 核心解析:〜てくる 這個句型在這裡代表了兩個關鍵的意義: 1. 動作的「開始」與「發生」 當一個現象(如:雨、雪、風)從「沒有」變成「有」,或者突然開始時,日本人會習慣用「〜てきた」。","當你想表達「很多的 ... 」並放在名詞前面時,必須把  多い 變成名詞形式  多く,然後加上  「の」。• 正確:多く  の 知識  ( ✅ )• 正確:多く  の 人  ( ✅ )",N3,N3|文法|助詞,"💬 語感觀測:什麼時候可以用「多い」? 💡 老師的語感加油站:四個特殊的「の」 📘 核心解析:〜てくる 這個句型在這裡代表了兩個關鍵的意義: 1. 動作的「開始」與「發生」 當一個現象(如:雨、雪、風)從「沒有」變成「有」,或者突然開始時,日本人會習慣用「〜てきた」。 降(ふ)る:單純描述「下雨」這個事實。 降(ふ)って  くる:強調「開始下雨了」。 2. 空間的「接近」 「くる(來)」代表朝著說話者的方向靠近。雨是從天上落向地面(也就是你所在的地方),所以使用「〜てくる」能精準捕捉到雨水「降臨到我身邊」的動態感。 補充 日 文 筆 記","在日文中,絕大多數的  い形容詞都可以直接加名詞(例如:高い参考書、速い車)。但  「多い(多)」 和  「少ない(少)」 是少數的例外。它們通常不直接修飾名詞。• 錯誤:多い  知識  ( ❌ )• 錯誤:多いの  知識  ( ❌ ) —— ( い形容詞不能加「の」 ) | 當你想表達「很多的 ... 」並放在名詞前面時,必須把  多い 變成名詞形式  多く,然後加上  「の」。• 正確:多く  の 知識  ( ✅ )• 正確:多く  の 人  ( ✅ ) | 💬 語感觀測:什麼時候可以用「多い」? | 雖然它不能放在名詞前,但它可以放在句尾當作述語:• 句尾  OK:この  参考書は、知識が  多い です。    ◦ ( 這本參考書知識很多。 )• 名詞前  NO:這是  多い 知識  的參考書。 ( ❌ )",,老師的語感加油站:四個特殊的「の」,grammar_point 疑似誤拆（例句/說明文字）,excluded,grammar_teacher_agent,0.75
G0279,2  〜にちがいない=  根拠があって確信する(きっと〜だ),2  〜にちがいない=  根拠があって確信する(きっと〜だ),2  〜にちがいない=  根拠があって確信する(きっと〜だ),2  〜にちがいない=  根拠があって確信する(きっと〜だ),2  〜にちがいない=  根拠があって確信する(きっと〜だ)を使います。,2  〜にちがいない=  根拠があって確信する(きっと〜だ)を使います。,2  〜にちがいない=  根拠があって確信する(きっと〜だ),N3,N3|文法|助詞,,,,123213213,例句為模板佔位，非真實例句; 意思與句型名稱相同，缺少釋義; 信心分偏低 (0.5),flagged,teacher_agent,0.5
