entry_id,kanji,kana,meaning,part_of_speech,jlpt_level,example_sentence,example_reading,example_chinese,tags,notes,enriched_by,confidence
V0001,賑やか,にぎやか,熱鬧的,na_adjective,N4,この辺りは賑やかです。,このへんりはにぎやかです。,這一帶很熱鬧的。,N4|na_adjective,,teacher_agent,0.79
V0002,素敵,ステキ,很棒,na_adjective,N4,この辺りは素敵です。,このへんりはステキです。,這一帶很很棒。,N4|na_adjective,,teacher_agent,0.86
V0003,,つまらない,無聊的,i_adjective,N5,今日はつまらない。,きょうはつまらない。,今天很無聊的。,N5|i_adjective,,teacher_agent,0.88
V0004,,しんちょう,⾝⾼,other,N4,しんちょうについて勉強しています。,しんちょうについてべんきょうしています。,我正在學習關於⾝⾼的內容。,N4|other,,teacher_agent,0.79
V0005,背中,せなか,背脊,noun,N4,背中について勉強しています。,せなかについてべんきょうしています。,我正在學習關於背脊的內容。,N4|noun,,teacher_agent,0.79
V0006,背後,はいご,背後、背地,noun,N4,背後について勉強しています。,はいごについてべんきょうしています。,我正在學習關於背後的內容。,N4|noun,,teacher_agent,0.79
V0007,涙,なみだ,淚⽔,noun,N4,涙について勉強しています。,なみだについてべんきょうしています。,我正在學習關於淚⽔的內容。,N4|noun,,teacher_agent,0.79
V0008,汚れ,よごれ,污漬、汙垢,noun,N3,汚れについて勉強しています。,よごれについてべんきょうしています。,我正在學習關於污漬的內容。,N3|noun,,teacher_agent,0.85
V0009,美しい,うつくし,美麗的、美好的,i_adjective,N4,今日は美しい。,きょうはうつくし。,今天很美麗的。,N4|i_adjective,,teacher_agent,0.79
V0010,笑顔,えがお,笑臉,noun,N4,笑顔について勉強しています。,えがおについてべんきょうしています。,我正在學習關於笑臉的內容。,N4|noun,,teacher_agent,0.79
V0011,書類,しょるい,⽂件、書籍,noun,N3,書類について勉強しています。,しょるいについてべんきょうしています。,我正在學習關於⽂件的內容。,N3|noun,,teacher_agent,0.85
V0012,,レジ,收銀台 register,noun,N5,レジについて勉強しています。,レジについてべんきょうしています。,我正在學習關於收銀台 register的內容。,N5|noun|外来語,あせ 汗 汗⽔ （汗をかく： 流了很多汗∕出了很 多汗） おみまい お⾒舞い 探病、慰問（⽣病或 受傷的⼈）（お⾒舞 いをする）（お⾒舞 いに⾏く）,teacher_agent,0.88
V0013,⼤家,おおや,房東,noun,N4,⼤家について勉強しています。,おおやについてべんきょうしています。,我正在學習關於房東的內容。,N4|noun,,teacher_agent,0.79
V0014,家賃,やちん,房租,noun,N4,家賃について勉強しています。,やちんについてべんきょうしています。,我正在學習關於房租的內容。,N4|noun,,teacher_agent,0.79
V0015,,までに,在 … 之前,other,N5,までにについて勉強しています。,までにについてべんきょうしています。,我正在學習關於在 … 之前的內容。,N5|other,のんびり ー 悠閒地、慢慢地、輕 鬆地、不慌不忙（の んびりする）,teacher_agent,0.88
V0016,患者,かんじゃ,患者,noun,N4,患者について勉強しています。,かんじゃについてべんきょうしています。,我正在學習關於患者的內容。,N4|noun,,teacher_agent,0.86
V0017,救急,きゅうきゅう,急救,noun,N4,救急について勉強しています。,きゅうきゅうについてべんきょうしています。,我正在學習關於急救的內容。,N4|noun,,teacher_agent,0.86
V0018,,セキ,咳嗽 （咳がでる）,noun,N5,セキについて勉強しています。,セキについてべんきょうしています。,我正在學習關於咳嗽 （咳がでる）的內容。,N5|noun|外来語,,teacher_agent,0.88
V0019,,ウイルス,病毒,noun,N3,ウイルスについて勉強しています。,ウイルスについてべんきょうしています。,我正在學習關於病毒的內容。,N3|noun|外来語,,teacher_agent,0.82
V0020,包帯,ほうたい,繃帶,noun,N3,包帯について勉強しています。,ほうたいについてべんきょうしています。,我正在學習關於繃帶的內容。,N3|noun,,teacher_agent,0.85
V0021,,カバ,覆蓋物、外⽪,noun,N5,カバについて勉強しています。,カバについてべんきょうしています。,我正在學習關於覆蓋物的內容。,N5|noun|外来語,,teacher_agent,0.88
V0022,,ケース,容器、箱⼦、事件,noun,N5,ケースについて勉強しています。,ケースについてべんきょうしています。,我正在學習關於容器的內容。,N5|noun|外来語,,teacher_agent,0.88
V0023,,ラップ,保鮮膜,noun,N5,ラップについて勉強しています。,ラップについてべんきょうしています。,我正在學習關於保鮮膜的內容。,N5|noun|外来語,,teacher_agent,0.88
V0024,商品,しょうひん,商品,noun,N4,商品について勉強しています。,しょうひんについてべんきょうしています。,我正在學習關於商品的內容。,N4|noun,,teacher_agent,0.86
V0025,製品,せいひん,產品,noun,N4,製品について勉強しています。,せいひんについてべんきょうしています。,我正在學習關於產品的內容。,N4|noun,,teacher_agent,0.86
V0026,,ようじん,注意⼩⼼,other,N4,ようじんについて勉強しています。,ようじんについてべんきょうしています。,我正在學習關於注意⼩⼼的內容。,N4|other,,teacher_agent,0.79
V0027,納得,なっとく,⼼裡接受、⼼服⼝,noun,N4,この結果には 納得できない。,この結果には 納得できない。,⼼裡接受、⼼服⼝,N4|noun,服、同意 滿意」 → この結果には 納得できない。 きた。,teacher_agent,0.91
V0028,友情,ゆうじょう,友情,noun,N4,友情について勉強しています。,ゆうじょうについてべんきょうしています。,我正在學習關於友情的內容。,N4|noun,,teacher_agent,0.86
V0029,仲間,なかま,夥伴,noun,N4,仲間について勉強しています。,なかまについてべんきょうしています。,我正在學習關於夥伴的內容。,N4|noun,,teacher_agent,0.86
V0030,知り合い,しりあい,相識,i_adjective,N4,今日は知り合い。,きょうはしりあい。,今天很相識。,N4|i_adjective,,teacher_agent,0.86
V0031,出会い,であい,相遇,i_adjective,N4,今日は出会い。,きょうはであい。,今天很相遇。,N4|i_adjective,,teacher_agent,0.79
V0032,他⼈,たにん,別⼈,noun,N4,他⼈について勉強しています。,たにんについてべんきょうしています。,我正在學習關於別⼈的內容。,N4|noun,,teacher_agent,0.79
V0033,本⼈,ほんにん,本⼈,noun,N4,本⼈について勉強しています。,ほんにんについてべんきょうしています。,我正在學習關於本⼈的內容。,N4|noun,,teacher_agent,0.79
V0034,⽬上,めうえ,⻑輩、上司,noun,N4,⽬上について勉強しています。,めうえについてべんきょうしています。,我正在學習關於⻑輩的內容。,N4|noun,,teacher_agent,0.79
V0035,⾼級,こうきゅう,⾼級，程度、⽔平⾼ 呼吸（こきゅう）,noun,N4,⾼級について勉強しています。,こうきゅうについてべんきょうしています。,我正在學習關於⾼級，程度的內容。,N4|noun,,teacher_agent,0.79
V0036,上位,じょうい,等級⾼,noun,N4,上位について勉強しています。,じょういについてべんきょうしています。,我正在學習關於等級⾼的內容。,N4|noun,,teacher_agent,0.79
V0037,優秀,ゆうしゅう,優秀的,noun,N2,優秀について勉強しています。,ゆうしゅうについてべんきょうしています。,我正在學習關於優秀的的內容。,N2|noun,,teacher_agent,0.83
V0038,犯⼈,はんにん,犯⼈,noun,N4,犯⼈について勉強しています。,はんにんについてべんきょうしています。,我正在學習關於犯⼈的內容。,N4|noun,,teacher_agent,0.79
V0039,被害,ひがい,損失,noun,N2,被害について勉強しています。,ひがいについてべんきょうしています。,我正在學習關於損失的內容。,N2|noun,,teacher_agent,0.83
V0040,相⼿,あいて,對象,noun,N4,相⼿について勉強しています。,あいてについてべんきょうしています。,我正在學習關於對象的內容。,N4|noun,,teacher_agent,0.79
V0041,役割,やくわり,任務,noun,N2,役割について勉強しています。,やくわりについてべんきょうしています。,我正在學習關於任務的內容。,N2|noun,,teacher_agent,0.83
V0042,素⼈,しろうと,外⾏⼈,noun,N4,素⼈について勉強しています。,しろうとについてべんきょうしています。,我正在學習關於外⾏⼈的內容。,N4|noun,,teacher_agent,0.79
V0043,代わり,かわり,代替,noun,N4,代わりについて勉強しています。,かわりについてべんきょうしています。,我正在學習關於代替的內容。,N4|noun,,teacher_agent,0.79
V0044,戦う,たたかう,競賽、⽐賽,noun,N4,戦うについて勉強しています。,たたかうについてべんきょうしています。,我正在學習關於競賽的內容。,N4|noun,,teacher_agent,0.79
V0045,必ずしも,かならずしも,「不⼀定 ... 」、「未,noun,N3,必 ... 」通常後接否定 お⾦持ちがかならずし も幸せとは限らない。,必 ... 」通常後接否定 お⾦持ちがかならずし も幸せとは限らない。,「不⼀定 ... 」、「未,N3|noun,必 ... 」通常後接否定 お⾦持ちがかならずし も幸せとは限らない。 福。,teacher_agent,0.89
V0046,⾮常に,ひじょうに,程度副詞，表⽰「⾮,noun,N4,常」、「極其」。,常」、「極其」。,程度副詞，表⽰「⾮,N4|noun,常」、「極其」。 この問題は⾮常に難し い。 →  這個問題⾮常 難。 あまりにも あまりにも 表⽰程度「太過 於 ... 」、「過分地 ... 」 通常帶有負⾯或驚訝 的語氣 あまりにも⾼くて買え ない。 →  太貴了，買不 起,teacher_agent,0.83
V0047,果たす,はたす,完成、實現,noun,N4,果たすについて勉強しています。,はたすについてべんきょうしています。,我正在學習關於完成的內容。,N4|noun,,teacher_agent,0.79
V0048,,つとめる,務める,verb,N4,2. 勤める 3. 努める 1. 「擔任（某職 務）」、「扮演（⾓ ⾊）」 個特定的任務或⾓ ⾊。,2. 勤める 3. 努める 1. 「擔任（某職 務）」、「扮演（⾓ ⾊）」 個特定的任務或⾓ ⾊。,務める,N4|verb,2. 勤める 3. 努める 1. 「擔任（某職 務）」、「扮演（⾓ ⾊）」 個特定的任務或⾓ ⾊。 2. 「⼯作」、「任職」 1. 司会を務める 2. 会社に務めます 3. 解決に努める 織或地點上班。 3. 「努⼒」、「盡⼒」 ⽬標⽽刻意付出⼼⼒ （盡量做到 ... ）。,teacher_agent,0.83
V0049,担う,になう,承擔、負責,noun,N4,担うについて勉強しています。,になうについてべんきょうしています。,我正在學習關於承擔的內容。,N4|noun,,teacher_agent,0.79
V0050,任せる,まかせる,聽任、委託,verb,N4,私は毎日任せる。,わたしはまいにちまかせる。,我每天聽任。,N4|verb,,teacher_agent,0.79
V0051,話し合い,はなしあい,討論、協商、商量、,i_adjective,N2,今日は話し合い。,きょうははなしあい。,今天很討論。,N2|i_adjective,對話、溝通,teacher_agent,0.8
V0052,個⼈,こじん,個⼈,noun,N4,個⼈について勉強しています。,こじんについてべんきょうしています。,我正在學習關於個⼈的內容。,N4|noun,,teacher_agent,0.79
V0053,皆,みな,⼤家,noun,N4,皆について勉強しています。,みなについてべんきょうしています。,我正在學習關於⼤家的內容。,N4|noun,,teacher_agent,0.79
V0054,登場,とうじょう,出場,noun,N4,登場について勉強しています。,とうじょうについてべんきょうしています。,我正在學習關於出場的內容。,N4|noun,,teacher_agent,0.79
V0055,発⽣,はっせい,發⽣,noun,N4,発⽣について勉強しています。,はっせいについてべんきょうしています。,我正在學習關於發⽣的內容。,N4|noun,,teacher_agent,0.79
V0056,外出,がいしゅつ,外出,noun,N4,外出について勉強しています。,がいしゅつについてべんきょうしています。,我正在學習關於外出的內容。,N4|noun,,teacher_agent,0.79
V0057,,にゅうもん,⼊⾨,other,N4,にゅうもんについて勉強しています。,にゅうもんについてべんきょうしています。,我正在學習關於⼊⾨的內容。,N4|other,,teacher_agent,0.79
V0058,孫,まご,孫⼦,noun,N4,孫について勉強しています。,まごについてべんきょうしています。,我正在學習關於孫⼦的內容。,N4|noun,,teacher_agent,0.79
V0059,夫婦,ふうふ,夫婦 (ふうふう  ),noun,N4,夫婦について勉強しています。,ふうふについてべんきょうしています。,我正在學習關於夫婦 (ふうふう  )的內容。,N4|noun,かない 家内 しんせき 親戚,teacher_agent,0.79
V0060,係,かかり,負責的⼈,noun,N4,係について勉強しています。,かかりについてべんきょうしています。,我正在學習關於負責的⼈的內容。,N4|noun,,teacher_agent,0.79
V0061,児童,じどう,兒童,noun,N4,児童について勉強しています。,じどうについてべんきょうしています。,我正在學習關於兒童的內容。,N4|noun,,teacher_agent,0.79
V0062,に限らず,にかぎらず,不只〜、不僅限於,noun,N2,〜、不限於〜 らず、中華料理も好き です。,〜、不限於〜 らず、中華料理も好き です。,不只〜、不僅限於,N2|noun,〜、不限於〜 らず、中華料理も好き です。 限る  (Kagiru)：限制。 限らず  (Kagirazu)：不 限制（「ず」是古語的否 定，相當於「ない」）。,teacher_agent,0.85
V0063,,なしには,如果沒有 ... 則 …,other,N4,なしにはについて勉強しています。,なしにはについてべんきょうしています。,我正在學習關於如果沒有 ... 則 …的內容。,N4|other,,teacher_agent,0.79
V0064,,のおかげで,拖 ... 的福,other,N4,のおかげでについて勉強しています。,のおかげでについてべんきょうしています。,我正在學習關於拖 ... 的福的內容。,N4|other,,teacher_agent,0.79
V0065,,というより,與其說 …. 不如說,other,N4,というよりについて勉強しています。,というよりについてべんきょうしています。,我正在學習關於與其說 …. 不如說的內容。,N4|other,,teacher_agent,0.79
V0066,主に,おもに,主要、⼤部分,noun,N4,主にについて勉強しています。,おもにについてべんきょうしています。,我正在學習關於主要的內容。,N4|noun,,teacher_agent,0.79
V0067,地元,じもと,當地、本地,noun,N4,地元について勉強しています。,じもとについてべんきょうしています。,我正在學習關於當地的內容。,N4|noun,,teacher_agent,0.79
V0068,根源,こんげん,根源,noun,N4,根源について勉強しています。,こんげんについてべんきょうしています。,我正在學習關於根源的內容。,N4|noun,,teacher_agent,0.79
V0069,⼟台,どだい,地基、基礎、本來、,noun,N4,⼟台について勉強しています。,どだいについてべんきょうしています。,我正在學習關於地基的內容。,N4|noun,原來,teacher_agent,0.79
V0070,⽴場,たちば,⽴⾜地、處境、地,noun,N4,⽴場について勉強しています。,たちばについてべんきょうしています。,我正在學習關於⽴⾜地的內容。,N4|noun,位、⽴場、觀點,teacher_agent,0.79
V0071,,ふるさと,故鄉、家鄉,other,N4,ふるさとに帰るのは嬉 しい。,ふるさとに帰るのは嬉 しい。,故鄉、家鄉,N4|other,ふるさとに帰るのは嬉 しい。 →  回到故鄉真開 ⼼。,teacher_agent,0.83
V0072,農業,のうぎょう,農業,noun,N4,進んでいる。,進んでいる。,農業,N4|noun,進んでいる。 →  ⽇本的 農業⼈⼝⽼化嚴重。,teacher_agent,0.83
V0073,漁業,ぎょぎょう,漁業,noun,N4,海道では漁業が盛ん だ。,海道では漁業が盛ん だ。,漁業,N4|noun,海道では漁業が盛ん だ。 →  北海道漁業很興 旺。,teacher_agent,0.83
V0074,盛ん,さかん,興盛、盛⾏、活躍,noun,N4,この地域では観光業が 盛んだ。,この地域では観光業が 盛んだ。,興盛、盛⾏、活躍,N4|noun,この地域では観光業が 盛んだ。 →  這個地區觀 光業很興盛。,teacher_agent,0.83
V0075,熱⼼に,ねっしいんに,熱⼼地、專⼼地 彼は勉強に熱⼼だ。 →,noun,N4,熱⼼にについて勉強しています。,ねっしいんにについてべんきょうしています。,我正在學習關於熱⼼地的內容。,N4|noun,他學習很⽤⼼。,teacher_agent,0.79
V0076,平⽇,へいじつ,平⽇（上班⽇、⼯作,noun,N4,平⽇について勉強しています。,へいじつについてべんきょうしています。,我正在學習關於平⽇（上班⽇的內容。,N4|noun,,teacher_agent,0.79
V0077,祝⽇,しゅくじつ,國定假⽇、節⽇,noun,N4,祝⽇について勉強しています。,しゅくじつについてべんきょうしています。,我正在學習關於國定假⽇的內容。,N4|noun,,teacher_agent,0.79
V0078,休⽇,きゅうじつ,休息⽇、假⽇,noun,N4,休⽇について勉強しています。,きゅうじつについてべんきょうしています。,我正在學習關於休息⽇的內容。,N4|noun,,teacher_agent,0.79
V0079,近所,きんじょ,附近、鄰近,noun,N4,近所について勉強しています。,きんじょについてべんきょうしています。,我正在學習關於附近的內容。,N4|noun,,teacher_agent,0.79
V0080,棚,たな,架⼦、層板,noun,N4,棚について勉強しています。,たなについてべんきょうしています。,我正在學習關於架⼦的內容。,N4|noun,,teacher_agent,0.79
V0081,引き出し,ひきだし,抽屜,noun,N2,引き出しについて勉強しています。,ひきだしについてべんきょうしています。,我正在學習關於抽屜的內容。,N2|noun,,teacher_agent,0.8
V0082,,ズボン,褲⼦,noun,N5,ズボンについて勉強しています。,ズボンについてべんきょうしています。,我正在學習關於褲⼦的內容。,N5|noun|外来語,ズボンをはきます →は きます（履きます）： 穿（下半⾝⽤）,teacher_agent,0.88
V0083,,セーター,⽑⾐、針織衫 sweater,noun,N3,セーターについて勉強しています。,セーターについてべんきょうしています。,我正在學習關於⽑⾐的內容。,N3|noun|外来語,,teacher_agent,0.82
V0084,,おとなしい,⽼實、聽話，溫順，,i_adjective,N4,今日はおとなしい。,きょうはおとなしい。,今天很⽼實。,N4|i_adjective,安靜,teacher_agent,0.79
V0085,騒がしい,さわがしい,吵鬧,i_adjective,N2,教室が騒がしいので、 先⽣は怒った。,教室が騒がしいので、 先⽣は怒った。,吵鬧,N2|i_adjective,教室が騒がしいので、 先⽣は怒った。 → 教室 裡太吵鬧了，所以⽼師 ⽣氣了。 最近は物騒（ぶっそ う）な事件（じけん） が多く、世の中が騒が,teacher_agent,0.85
V0086,,しい,最近危險的事件,i_adjective,N5,很多，社會上動盪不安 聲⾳上的吵雜：形容周 遭環境有很多⼈在說 話、發出噪⾳，聲⾳⼤ 到讓⼈覺得不舒服或靜 不下⼼。,很多，社會上動盪不安 聲⾳上的吵雜：形容周 遭環境有很多⼈在說 話、發出噪⾳，聲⾳⼤ 到讓⼈覺得不舒服或靜 不下⼼。,最近危險的事件,N5|i_adjective,很多，社會上動盪不安 聲⾳上的吵雜：形容周 遭環境有很多⼈在說 話、發出噪⾳，聲⾳⼤ 到讓⼈覺得不舒服或靜 不下⼼。 社會或局勢的不安寧 （抽象）：形容社會政局 動盪、世道混亂，或者 某個事件鬧得沸沸揚 揚、⼈⼼惶惶。 うるさい：主觀感受強 烈。通常是你個⼈覺得 「很煩、很刺⽿、快閉 嘴」，針對性較強（例 如：電視聲⾳太⼤、別 ⼈在⽿邊碎念）。 騒がしい：客觀描述環 境。單純形容⼀個地⽅ 「聲⾳很多、很熱鬧、 很嘈雜」，不⼀定帶有極 度厭惡的私⼈情緒。,teacher_agent,0.92
V0087,迷惑,めいわく,煩擾的 ご迷惑（めいわく）を,noun,N2,おかけして、本当に申 し訳ありません。,おかけして、本当に申 し訳ありません。,煩擾的 ご迷惑（めいわく）を,N2|noun,おかけして、本当に申 し訳ありません。 → 給 您增添了許多⿇煩，真 的⾮常抱歉。 形容詞⽤法（迷惑な 〜）：形容某個⾏為或⼈ 「很令⼈困擾、很討 厭」。 動詞⽤法（迷惑する）： 夜中（よなか）に⼤⾳ 量（だいおんりょう） で⾳楽を聴くのは、迷 惑な⾏為（こうい） だ。 → 半夜⽤⼤⾳量聽 ⾳樂，是⾮常令⼈困擾 的⾏為 隣の席の⼈のタバコの 煙（けむり）に、とて も迷惑している。 → 隔 壁座位的香菸煙霧，讓 我感到⾮常困擾。 表⽰⾃⼰「感到很困 擾、受其害」。 慣⽤語（迷惑をかけ る）：最常⽤的組合！ 意思是「給別⼈添⿇ 煩」。,teacher_agent,0.88
V0088,夢中に,むちゅう,⼊迷的,noun,N4,最近、新しいゲームに 夢中になっている。,最近、新しいゲームに 夢中になっている。,⼊迷的,N4|noun,最近、新しいゲームに 夢中になっている。 → 最近，我正瘋狂沉迷於 ⼀款新遊戲。 彼は彼⼥に夢中だ。 → 他對她神魂顛倒  / 他被 她迷得團團轉。 ⼦どもの頃（ころ）、 時間を忘れて夢中で遊 んだ。 → ⼩時候，總是 忘記時間、玩得不亦樂 乎。 三種： 〜に夢中になる：陷 ⼊ … 的狀態、變得對 … 很著迷（最常⽤！）。 〜に夢中だ  / 夢中にな っている：正熱衷 於 … 、正對 … 沉迷。 夢中で〜する：拼命 地、忘我地去做某件 事。,teacher_agent,0.83
V0089,平気（な）,へいき,若無其事的、不算甚,na_adjective,N2,この辺りは平気（な）です。,このへんりはへいきです。,這一帶很若無其事的。,N2|na_adjective,麼、不介意,teacher_agent,0.8
V0090,派⼿（な）,はで,華麗的,na_adjective,N2,この辺りは派⼿（な）です。,このへんりははでです。,這一帶很華麗的。,N2|na_adjective,,teacher_agent,0.8
V0091,地味（な）,じみ,樸素的,na_adjective,N2,この辺りは地味（な）です。,このへんりはじみです。,這一帶很樸素的。,N2|na_adjective,,teacher_agent,0.8
V0092,素敵（な）,すてき,極好的,na_adjective,N4,はじめに ー 在⼀開始∕⾸先 (多 ⽤在說明流程、演 講、⽂章開頭，很有 「順序感」 旅⾏のはじめに、パス ポートを確認してくだ さい。,はじめに ー 在⼀開始∕⾸先 (多 ⽤在說明流程、演 講、⽂章開頭，很有 「順序感」 旅⾏のはじめに、パス ポートを確認してくだ さい。,極好的,N4|na_adjective,はじめに ー 在⼀開始∕⾸先 (多 ⽤在說明流程、演 講、⽂章開頭，很有 「順序感」 旅⾏のはじめに、パス ポートを確認してくだ さい。 たびに ー 每次〜就〜  (前項⼀ 發⽣，後項就⼀定發 ⽣（幾乎沒有例外） ) この曲を聞くたびに、 学⽣時代を思い出しま す。 彼は失敗するたびに、 成⻑しています。 だけに ー 正因為是〜所以〜 (原因很「充分、合 理」，所以結果也很 強烈 真⾯⽬に勉強しただけ に、試験は簡単だっ た。,teacher_agent,0.91
V0093,不満,ふまん,不滿,noun,N4,不満について勉強しています。,ふまんについてべんきょうしています。,我正在學習關於不滿的內容。,N4|noun,,teacher_agent,0.79
V0094,不幸,ふこう,不幸,noun,N4,不幸について勉強しています。,ふこうについてべんきょうしています。,我正在學習關於不幸的內容。,N4|noun,,teacher_agent,0.79
V0095,不安,ふあん,不安,noun,N4,不安について勉強しています。,ふあんについてべんきょうしています。,我正在學習關於不安的內容。,N4|noun,,teacher_agent,0.79
V0096,痛み,いたみ,疼,noun,N4,痛みについて勉強しています。,いたみについてべんきょうしています。,我正在學習關於疼的內容。,N4|noun,,teacher_agent,0.69
V0097,好き嫌い,すききらい,喜好 / 愛惡 挑⾷ / 挑,i_adjective,N2,今日は好き嫌い。,きょうはすききらい。,今天很喜好 / 愛惡 挑⾷ / 挑。,N2|i_adjective,剔,teacher_agent,0.8
V0098,好み,このみ,喜好,noun,N4,好みについて勉強しています。,このみについてべんきょうしています。,我正在學習關於喜好的內容。,N4|noun,,teacher_agent,0.79
V0099,幸福,こうふく,幸福,noun,N4,幸福について勉強しています。,こうふくについてべんきょうしています。,我正在學習關於幸福的內容。,N4|noun,,teacher_agent,0.79
V0100,幸せ,しあわせ,幸福,noun,N4,幸せについて勉強しています。,しあわせについてべんきょうしています。,我正在學習關於幸福的內容。,N4|noun,,teacher_agent,0.79
V0101,気,き,⼼情,noun,N4,気について勉強しています。,きについてべんきょうしています。,我正在學習關於⼼情的內容。,N4|noun,,teacher_agent,0.79
V0102,関⼼,かんしん,關⼼,noun,N4,関⼼について勉強しています。,かんしんについてべんきょうしています。,我正在學習關於關⼼的內容。,N4|noun,,teacher_agent,0.79
V0103,感情,かんじょう,感情,noun,N4,感情について勉強しています。,かんじょうについてべんきょうしています。,我正在學習關於感情的內容。,N4|noun,,teacher_agent,0.79
V0104,感覚,かんかく,感覺,noun,N4,感覚について勉強しています。,かんかくについてべんきょうしています。,我正在學習關於感覺的內容。,N4|noun,,teacher_agent,0.79
V0105,愛情,あいじょう,愛,noun,N4,愛情について勉強しています。,あいじょうについてべんきょうしています。,我正在學習關於愛的內容。,N4|noun,,teacher_agent,0.69
V0106,喜び,よろこび,喜悅,noun,N4,喜びについて勉強しています。,よろこびについてべんきょうしています。,我正在學習關於喜悅的內容。,N4|noun,,teacher_agent,0.79
V0107,楽しみ,たのしみ,期待,noun,N4,楽しみについて勉強しています。,たのしみについてべんきょうしています。,我正在學習關於期待的內容。,N4|noun,,teacher_agent,0.79
V0108,積極的,せっきょくてき,具體的,na_adjective,N4,この辺りは積極的です。,このへんりはせっきょくてきです。,這一帶很具體的。,N4|na_adjective,,teacher_agent,0.79
V0109,具体的,ぐたいてき,積極的,na_adjective,N4,この辺りは具体的です。,このへんりはぐたいてきです。,這一帶很積極的。,N4|na_adjective,,teacher_agent,0.79
V0110,効果的,こうかてき,有效的、⽴竿⾒影的,na_adjective,N4,この辺りは効果的です。,このへんりはこうかてきです。,這一帶很有效的。,N4|na_adjective,,teacher_agent,0.79
V0111,感情的,かんじょうてき,感性的,na_adjective,N4,この辺りは感情的です。,このへんりはかんじょうてきです。,這一帶很感性的。,N4|na_adjective,,teacher_agent,0.79
V0112,,がっかり,失望；失落,other,N4,がっかりについて勉強しています。,がっかりについてべんきょうしています。,我正在學習關於失望；失落的內容。,N4|other,,teacher_agent,0.79
V0113,,どきどき,緊張；七上⼋下,other,N4,どきどきについて勉強しています。,どきどきについてべんきょうしています。,我正在學習關於緊張；七上⼋下的內容。,N4|other,,teacher_agent,0.79
V0114,,うっかり,疏忽、不注意、不留,other,N4,うっかりについて勉強しています。,うっかりについてべんきょうしています。,我正在學習關於疏忽的內容。,N4|other,神,teacher_agent,0.79
V0115,,はらはら,擔⼼、捏⼀把汗,other,N4,はらはらについて勉強しています。,はらはらについてべんきょうしています。,我正在學習關於擔⼼的內容。,N4|other,,teacher_agent,0.79
V0116,悩む,なやむ,煩惱,noun,N4,悩むについて勉強しています。,なやむについてべんきょうしています。,我正在學習關於煩惱的內容。,N4|noun,,teacher_agent,0.79
V0117,痛む,いたむ,痛,noun,N4,痛むについて勉強しています。,いたむについてべんきょうしています。,我正在學習關於痛的內容。,N4|noun,,teacher_agent,0.69
V0118,嫌う,きらう,討厭,noun,N4,嫌うについて勉強しています。,きらうについてべんきょうしています。,我正在學習關於討厭的內容。,N4|noun,,teacher_agent,0.79
V0119,苦しむ,くるしむ,受折磨,noun,N4,苦しむについて勉強しています。,くるしむについてべんきょうしています。,我正在學習關於受折磨的內容。,N4|noun,,teacher_agent,0.79
V0120,気付く,きづく,發現,noun,N4,気付くについて勉強しています。,きづくについてべんきょうしています。,我正在學習關於發現的內容。,N4|noun,,teacher_agent,0.79
V0121,感じる,かんじる,感覺,verb,N4,私は毎日感じる。,わたしはまいにちかんじる。,我每天感覺。,N4|verb,,teacher_agent,0.79
V0122,気に⼊る,きにいる,中意,verb,N2,私は毎日気に⼊る。,わたしはまいにちきにいる。,我每天中意。,N2|verb,,teacher_agent,0.8
V0123,喜ぶ,よろこぶ,⾼興,noun,N4,喜ぶについて勉強しています。,よろこぶについてべんきょうしています。,我正在學習關於⾼興的內容。,N4|noun,,teacher_agent,0.79
V0124,賢い,かしこい,聰明,i_adjective,N4,今日は賢い。,きょうはかしこい。,今天很聰明。,N4|i_adjective,,teacher_agent,0.79
V0125,偉い,えらい,偉⼤,i_adjective,N4,今日は偉い。,きょうはえらい。,今天很偉⼤。,N4|i_adjective,,teacher_agent,0.79
V0126,親しい,したしい,親密,i_adjective,N4,今日は親しい。,きょうはしたしい。,今天很親密。,N4|i_adjective,,teacher_agent,0.79
V0127,快適,かいてき,舒適的,noun,N4,快適について勉強しています。,かいてきについてべんきょうしています。,我正在學習關於舒適的的內容。,N4|noun,,teacher_agent,0.79
V0128,苦しい,くるしい,難受,i_adjective,N4,今日は苦しい。,きょうはくるしい。,今天很難受。,N4|i_adjective,,teacher_agent,0.79
V0129,恐ろしい,おそろしい,可怕,i_adjective,N2,今日は恐ろしい。,きょうはおそろしい。,今天很可怕。,N2|i_adjective,,teacher_agent,0.8
V0130,悔しい,くやしい,不⽢⼼,i_adjective,N4,今日は悔しい。,きょうはくやしい。,今天很不⽢⼼。,N4|i_adjective,,teacher_agent,0.79
V0131,,つらい,痛苦,i_adjective,N5,今日はつらい。,きょうはつらい。,今天很痛苦。,N5|i_adjective,,teacher_agent,0.88
V0132,驚く,おどろく,吃驚，驚奇,noun,N4,驚くについて勉強しています。,おどろくについてべんきょうしています。,我正在學習關於吃驚，驚奇的內容。,N4|noun,,teacher_agent,0.79
V0133,覚める,さめる,醒來、神智清醒,verb,N4,私は毎日覚める。,わたしはまいにちさめる。,我每天醒來。,N4|verb,到,teacher_agent,0.79
V0134,鋭い,するどい,尖銳的、尖的,i_adjective,N4,今日は鋭い。,きょうはするどい。,今天很尖銳的。,N4|i_adjective,,teacher_agent,0.79
V0135,凄い,すごい,了不起的、可怕的,i_adjective,N4,今日は凄い。,きょうはすごい。,今天很了不起的。,N4|i_adjective,,teacher_agent,0.79
V0136,,きつい,緊的,i_adjective,N5,今日はきつい。,きょうはきつい。,今天很緊的。,N5|i_adjective,,teacher_agent,0.88
V0137,怠い,だるい,倦怠的,i_adjective,N4,今日は怠い。,きょうはだるい。,今天很倦怠的。,N4|i_adjective,,teacher_agent,0.79
V0138,緩い,ゆるい,寬鬆的,i_adjective,N4,今日は緩い。,きょうはゆるい。,今天很寬鬆的。,N4|i_adjective,,teacher_agent,0.79
V0139,愉快,ゆかい,( な） ( に） 快活的,noun,N4,愉快について勉強しています。,ゆかいについてべんきょうしています。,我正在學習關於( な） ( に） 快活的的內容。,N4|noun,,teacher_agent,0.79
V0140,冷静,れいせい,( な） ( に） 冷靜的,noun,N4,冷静について勉強しています。,れいせいについてべんきょうしています。,我正在學習關於( な） ( に） 冷靜的的內容。,N4|noun,,teacher_agent,0.79
V0141,乱暴,らんぼう,( な） ( に） 粗暴的,noun,N4,乱暴について勉強しています。,らんぼうについてべんきょうしています。,我正在學習關於( な） ( に） 粗暴的的內容。,N4|noun,,teacher_agent,0.79
V0142,素直,すなお,( な） ( に） 坦率的,noun,N4,素直について勉強しています。,すなおについてべんきょうしています。,我正在學習關於( な） ( に） 坦率的的內容。,N4|noun,,teacher_agent,0.79
V0143,真剣,しんけん,( な） ( に） 認真的,noun,N4,真剣について勉強しています。,しんけんについてべんきょうしています。,我正在學習關於( な） ( に） 認真的的內容。,N4|noun,,teacher_agent,0.79
V0144,強引,ごういん,( な） ( に） 強⾏的,noun,N4,強引について勉強しています。,ごういんについてべんきょうしています。,我正在學習關於( な） ( に） 強⾏的的內容。,N4|noun,,teacher_agent,0.79
V0145,必死,ひっし,( な） ( に） 拼命的,noun,N4,必死について勉強しています。,ひっしについてべんきょうしています。,我正在學習關於( な） ( に） 拼命的的內容。,N4|noun,,teacher_agent,0.79
V0146,批判,ひはん,批判、批評,noun,N4,批判について勉強しています。,ひはんについてべんきょうしています。,我正在學習關於批判的內容。,N4|noun,きょうりょく 協⼒ しょうひりょう せいさんりょう しょうひしゃ,teacher_agent,0.79
V0147,⼗分,じゅうぶん,⾜夠的,noun,N4,⼗分について勉強しています。,じゅうぶんについてべんきょうしています。,我正在學習關於⾜夠的的內容。,N4|noun,,teacher_agent,0.79
V0148,可笑しい,おかしい,奇怪的,i_adjective,N2,今日は可笑しい。,きょうはおかしい。,今天很奇怪的。,N2|i_adjective,,teacher_agent,0.8
V0149,⽕傷,やけど,燒傷,noun,N4,⽕傷について勉強しています。,やけどについてべんきょうしています。,我正在學習關於燒傷的內容。,N4|noun,,teacher_agent,0.79
V0150,怪我,けが,受傷,noun,N4,怪我について勉強しています。,けがについてべんきょうしています。,我正在學習關於受傷的內容。,N4|noun,きた 北 みなみ 南 にし 西 ひがし 東 すいどう ⽔道 くたびれる 累,teacher_agent,0.79
V0151,渇く,かわく,渴,noun,N4,渇くについて勉強しています。,かわくについてべんきょうしています。,我正在學習關於渴的內容。,N4|noun,,teacher_agent,0.69
V0152,諦める,あきらめる,放棄,verb,N4,私は毎日諦める。,わたしはまいにちあきらめる。,我每天放棄。,N4|verb,,teacher_agent,0.79
V0153,落ち着く,おちつく,冷靜,noun,N2,落ち着くについて勉強しています。,おちつくについてべんきょうしています。,我正在學習關於冷靜的內容。,N2|noun,,teacher_agent,0.8
V0154,似合う,にあう,合適,noun,N4,似合うについて勉強しています。,にあうについてべんきょうしています。,我正在學習關於合適的內容。,N4|noun,,teacher_agent,0.79
V0155,,めだつ,顯眼,other,N5,めだつについて勉強しています。,めだつについてべんきょうしています。,我正在學習關於顯眼的內容。,N5|other,,teacher_agent,0.88
V0156,飽きる,あきる,厭倦,verb,N4,私は毎日飽きる。,わたしはまいにちあきる。,我每天厭倦。,N4|verb,,teacher_agent,0.79
V0157,育つ,そだつ,成⻑,noun,N4,育つについて勉強しています。,そだつについてべんきょうしています。,我正在學習關於成⻑的內容。,N4|noun,,teacher_agent,0.79
V0158,動作,どうさ,動作,noun,N4,動作について勉強しています。,どうさについてべんきょうしています。,我正在學習關於動作的內容。,N4|noun,,teacher_agent,0.79
V0159,癖,くせ,習慣,noun,N4,癖について勉強しています。,くせについてべんきょうしています。,我正在學習關於習慣的內容。,N4|noun,,teacher_agent,0.79
V0160,,ふり,樣⼦,other,N5,ふりについて勉強しています。,ふりについてべんきょうしています。,我正在學習關於樣⼦的內容。,N5|other,,teacher_agent,0.88
V0161,態度,たいど,態度,noun,N4,態度について勉強しています。,たいどについてべんきょうしています。,我正在學習關於態度的內容。,N4|noun,よゆう 余裕,teacher_agent,0.79
V0162,魅⼒,みりょく,魅⼒,noun,N4,魅⼒について勉強しています。,みりょくについてべんきょうしています。,我正在學習關於魅⼒的內容。,N4|noun,,teacher_agent,0.79
V0163,直接,ちょくせつ,直接,noun,N4,直接について勉強しています。,ちょくせつについてべんきょうしています。,我正在學習關於直接的內容。,N4|noun,,teacher_agent,0.79
V0164,徒歩,とほ,步⾏,noun,N4,徒歩について勉強しています。,とほについてべんきょうしています。,我正在學習關於步⾏的內容。,N4|noun,,teacher_agent,0.79
V0165,盗作,とうさく,抄襲 ( ⼩說，⽂章,noun,N4,盗作について勉強しています。,とうさくについてべんきょうしています。,我正在學習關於抄襲 ( ⼩說，⽂章的內容。,N4|noun,,teacher_agent,0.79
V0166,,わがまま,任性,other,N4,わがままについて勉強しています。,わがままについてべんきょうしています。,我正在學習關於任性的內容。,N4|other,,teacher_agent,0.79
V0167,,ばか,笨蛋,other,N5,ばかについて勉強しています。,ばかについてべんきょうしています。,我正在學習關於笨蛋的內容。,N5|other,,teacher_agent,0.88
V0168,,プライド,⾃豪感,noun,N3,プライドについて勉強しています。,プライドについてべんきょうしています。,我正在學習關於⾃豪感的內容。,N3|noun|外来語,,teacher_agent,0.82
V0169,,おかけ,多虧,other,N5,おかけについて勉強しています。,おかけについてべんきょうしています。,我正在學習關於多虧的內容。,N5|other,,teacher_agent,0.88
V0170,調⼦,ちょうし,狀況,noun,N4,調⼦について勉強しています。,ちょうしについてべんきょうしています。,我正在學習關於狀況的內容。,N4|noun,,teacher_agent,0.79
V0171,体調,たいちょう,健康狀況,noun,N4,体調について勉強しています。,たいちょうについてべんきょうしています。,我正在學習關於健康狀況的內容。,N4|noun,,teacher_agent,0.79
V0172,,でたらね,胡說⼋道、胡⾔亂語,other,N4,でたらねについて勉強しています。,でたらねについてべんきょうしています。,我正在學習關於胡說⼋道的內容。,N4|other,⇒  うそ,teacher_agent,0.79
V0173,渋滞,じゅうたい,停滯、堵塞,noun,N4,渋滞について勉強しています。,じゅうたいについてべんきょうしています。,我正在學習關於停滯的內容。,N4|noun,,teacher_agent,0.79
V0174,集中,しゅうちゅう,集中、專⼼,noun,N4,集中について勉強しています。,しゅうちゅうについてべんきょうしています。,我正在學習關於集中的內容。,N4|noun,,teacher_agent,0.79
V0175,運休,うんきゅう,運⾏中⽌,noun,N4,運休について勉強しています。,うんきゅうについてべんきょうしています。,我正在學習關於運⾏中⽌的內容。,N4|noun,,teacher_agent,0.79
V0176,疲労,ひろう,疲勞,noun,N4,疲労について勉強しています。,ひろうについてべんきょうしています。,我正在學習關於疲勞的內容。,N4|noun,ふへい 不平 牢騷 不滿、抱怨、覺得不 公平 語感重點： 👉  偏向「⼼裡不滿」 「覺得不公平」 👉  ⽐較偏情緒上的不滿 もんく ⽂句 牢騷 抱怨、意⾒、找碴、 挑⽑病 語感重點： 👉  ⽐較像「嘴上講出來 的抱怨」 👉  有時帶⼀點「挑⽑ 病」「找⿇煩」的感覺 そんけい 尊敬 しんよう 信⽤ おうえん 応援 せわ 世話 こうさい 交際,teacher_agent,0.79
V0177,担当,たんとう,負責、負責⼈,noun,N4,担当について勉強しています。,たんとうについてべんきょうしています。,我正在學習關於負責的內容。,N4|noun,こうりゅう 交流,teacher_agent,0.79
V0178,効⽤,こうよう,⽤途、功效,noun,N4,効⽤について勉強しています。,こうようについてべんきょうしています。,我正在學習關於⽤途的內容。,N4|noun,,teacher_agent,0.79
V0179,得点,とくてん,得分,noun,N4,得点について勉強しています。,とくてんについてべんきょうしています。,我正在學習關於得分的內容。,N4|noun,,teacher_agent,0.79
V0180,性能,せいのう,性能,noun,N4,性能について勉強しています。,せいのうについてべんきょうしています。,我正在學習關於性能的內容。,N4|noun,,teacher_agent,0.79
V0181,特⾊,とくしょく,特⾊,noun,N4,特⾊について勉強しています。,とくしょくについてべんきょうしています。,我正在學習關於特⾊的內容。,N4|noun,あいにく 不巧、真不湊巧 わざわざ 特地、專程,teacher_agent,0.79
V0182,恐縮,きょうしゅく,惶恐、不敢當,noun,N4,恐縮について勉強しています。,きょうしゅくについてべんきょうしています。,我正在學習關於惶恐的內容。,N4|noun,,teacher_agent,0.79
V0183,拝⾒,はいけん,看 「⾒る（看）」的謙讓語,noun,N4,拝⾒について勉強しています。,はいけんについてべんきょうしています。,我正在學習關於看 「⾒る（看）」的謙讓語的內容。,N4|noun,,teacher_agent,0.79
V0184,対⽴,たいりつ,對⽴,noun,N4,対⽴について勉強しています。,たいりつについてべんきょうしています。,我正在學習關於對⽴的內容。,N4|noun,,teacher_agent,0.79
V0185,差別,さべつ,區別對待,noun,N4,差別について勉強しています。,さべつについてべんきょうしています。,我正在學習關於區別對待的內容。,N4|noun,,teacher_agent,0.79
V0186,⽀配,しはい,⽀配,noun,N4,⽀配について勉強しています。,しはいについてべんきょうしています。,我正在學習關於⽀配的內容。,N4|noun,,teacher_agent,0.79
V0187,悪ずら,いたずら,「惡作劇」、「頑,noun,N4,悪ずらについて勉強しています。,いたずらについてべんきょうしています。,我正在學習關於「惡作劇」的內容。,N4|noun,⽪」、「開玩笑」,teacher_agent,0.79
V0188,お詫び,おわび,愜意,noun,N4,お詫びについて勉強しています。,おわびについてべんきょうしています。,我正在學習關於愜意的內容。,N4|noun,,teacher_agent,0.79
V0189,腹を⽴てる,はらをたてる,「⽣氣」、「發怒」,verb,N2,部⻑が  腹を  ⽴てて  い ます。,部⻑が  腹を  ⽴てて  い ます。,「⽣氣」、「發怒」,N2|verb,部⻑が  腹を  ⽴てて  い ます。 → 部⻑正在⽣ 氣。,teacher_agent,0.85
V0190,誘う,さそう,邀請,noun,N4,誘うについて勉強しています。,さそうについてべんきょうしています。,我正在學習關於邀請的內容。,N4|noun,おごる 作東,teacher_agent,0.79
V0191,付き合う,つきあう,交往,noun,N2,付き合うについて勉強しています。,つきあうについてべんきょうしています。,我正在學習關於交往的內容。,N2|noun,,teacher_agent,0.8
V0192,断る,ことわる,拒絕,verb,N4,私は毎日断る。,わたしはまいにちことわる。,我每天拒絕。,N4|verb,,teacher_agent,0.79
V0193,訪ねる,たずねる,拜訪,verb,N4,私は毎日訪ねる。,わたしはまいにちたずねる。,我每天拜訪。,N4|verb,,teacher_agent,0.79
V0194,乗せる,のせる,載上、放上,verb,N4,私は毎日乗せる。,わたしはまいにちのせる。,我每天載上。,N4|verb,,teacher_agent,0.79
V0195,⾒送る,みおくる,送別,verb,N4,私は毎日⾒送る。,わたしはまいにちみおくる。,我每天送別。,N4|verb,,teacher_agent,0.79
V0196,⽬錄、商品型錄,カタログ,Catalog,noun,N2,⽬錄、商品型錄について勉強しています。,カタログについてべんきょうしています。,我正在學習關於Catalog的內容。,N2|noun,7/32..1 ななさんでわると、 しょうはにであまり はいちです,teacher_agent,0.8
V0197,滑ります,すべります,滑倒、冷場，成績不,noun,N2,滑りますについて勉強しています。,すべりますについてべんきょうしています。,我正在學習關於滑倒的內容。,N2|noun,合格,teacher_agent,0.8
V0198,破れます,やぶれます,破掉,noun,N2,破れますについて勉強しています。,やぶれますについてべんきょうしています。,我正在學習關於破掉的內容。,N2|noun,くさる 腐る,teacher_agent,0.8
V0199,包丁,ほうちょう,料理⽤的菜⼑,noun,N4,包丁について勉強しています。,ほうちょうについてべんきょうしています。,我正在學習關於料理⽤的菜⼑的內容。,N4|noun,取っ⼿が取れる とってがとれる,teacher_agent,0.79
V0200,畑,はたけ,耕地 不放⼊⽔的耕地，以種,noun,N4,畑について勉強しています。,はたけについてべんきょうしています。,我正在學習關於耕地 不放⼊⽔的耕地，以種的內容。,N4|noun,植蔬菜或穀物為主,teacher_agent,0.79
V0201,,たんぼ,耕地 會放⽔的耕地，也就是,other,N5,たんぼについて勉強しています。,たんぼについてべんきょうしています。,我正在學習關於耕地 會放⽔的耕地，也就是的內容。,N5|other,我們⼀般講的⽔⽥,teacher_agent,0.88
V0202,余ります,あまります,「剩餘」、「剩下」、,noun,N2,「多出來」 パーティーの  料理が たくさん  余りました。,「多出來」 パーティーの  料理が たくさん  余りました。,「剩餘」、「剩下」、,N2|noun,「多出來」 パーティーの  料理が たくさん  余りました。 它通常描述的是⼀種 「⾃動發⽣的狀態」，所 以助詞常⽤  「が」。時 間（じかん）が  余（あ ま）る：時間剩下。 お⾦（かね）が  余（あ ま）る：錢剩下。 料理（りょうり）が  余 （あま）る：菜剩下。,teacher_agent,0.85
V0203,出会う,であう,相遇,noun,N4,出会うについて勉強しています。,であうについてべんきょうしています。,我正在學習關於相遇的內容。,N4|noun,,teacher_agent,0.79
V0204,関わる,かかわる,涉及到,verb,N4,私は毎日関わる。,わたしはまいにちかかわる。,我每天涉及到。,N4|verb,病気ではないので、安 ⼼してください,teacher_agent,0.79
V0205,教わる,おそわる,學習 例：私は、⽇本⼈友達,verb,N4,私は毎日教わる。,わたしはまいにちおそわる。,我每天學習 例：私は。,N4|verb,に⽇本語を教わった,teacher_agent,0.79
V0206,助ける,たすける,搭救,verb,N4,私は毎日助ける。,わたしはまいにちたすける。,我每天搭救。,N4|verb,,teacher_agent,0.79
V0207,頼る,たよる,依賴,verb,N4,私は毎日頼る。,わたしはまいにちたよる。,我每天依賴。,N4|verb,,teacher_agent,0.79
V0208,疑う,うたがう,懷疑,noun,N4,疑うについて勉強しています。,うたがうについてべんきょうしています。,我正在學習關於懷疑的內容。,N4|noun,,teacher_agent,0.79
V0209,迷う,まよう,猶豫,noun,N4,迷うについて勉強しています。,まようについてべんきょうしています。,我正在學習關於猶豫的內容。,N4|noun,,teacher_agent,0.79
V0210,貯める,ためる,存、存錢,verb,N4,私は毎日貯める。,わたしはまいにちためる。,我每天存。,N4|verb,,teacher_agent,0.79
V0211,重ねる,かさねる,反覆；疊加,verb,N4,私は毎日重ねる。,わたしはまいにちかさねる。,我每天反覆；疊加。,N4|verb,,teacher_agent,0.79
V0212,加える,くわえる,加上,verb,N4,私は毎日加える。,わたしはまいにちくわえる。,我每天加上。,N4|verb,,teacher_agent,0.79
V0213,合わせる,あわせる,合 お寺や神社では、両⼿,verb,N2,私は毎日合わせる。,わたしはまいにちあわせる。,我每天合 お寺や神社では。,N2|verb,を合わせて、祈ります,teacher_agent,0.8
V0214,従う,したがう,跟隨,noun,N4,承 認他的實⼒ ⼊学を認める。,承 認他的實⼒ ⼊学を認める。,跟隨,N4|noun,みとめる 認める 承認（事實、能⼒、 成績） 認可、批准 接受（內⼼層⾯） 彼の実⼒を認める →  承 認他的實⼒ ⼊学を認める。 →  批准 ⼊學 ⾃分の弱さを認める。 ゆるす 許す 原諒（情緒） 容許（規則上的允 許） 彼を許す。 →  原諒他 無断⽋席は許さない。,teacher_agent,0.83
V0215,祝う,いわう,慶祝,noun,N4,祝うについて勉強しています。,いわうについてべんきょうしています。,我正在學習關於慶祝的內容。,N4|noun,かたる 語る 敘述、講述（故事、 經歷） 談論（⽐較正式、有 內容地說） 表達、顯⽰（多⽤於 書⾯語） いじめる 欺負,teacher_agent,0.79
V0216,伴う,ともなう,伴隨 ˙,noun,N4,都合が悪い＝⽤事 がある 都合がいい＝⽤ 事がない ⽊の根（きのね） 根 ⽊の葉き（のは）⽊のぬ（きのめ）芽 （かわ） このごろ 事故をふせぐ  防ぐ きおん 気温 ぼうし  防⽌ せっかく 「難得」、「好不容 易」、「特地」 せっかく⽇本に来たか ら、お寿司を⾷べまし ょう。,都合が悪い＝⽤事 がある 都合がいい＝⽤ 事がない ⽊の根（きのね） 根 ⽊の葉き（のは）⽊のぬ（きのめ）芽 （かわ） このごろ 事故をふせぐ  防ぐ きおん 気温 ぼうし  防⽌ せっかく 「難得」、「好不容 易」、「特地」 せっかく⽇本に来たか ら、お寿司を⾷べまし ょう。,伴隨 ˙,N4|noun,都合が悪い＝⽤事 がある 都合がいい＝⽤ 事がない ⽊の根（きのね） 根 ⽊の葉き（のは）⽊のぬ（きのめ）芽 （かわ） このごろ 事故をふせぐ  防ぐ きおん 気温 ぼうし  防⽌ せっかく 「難得」、「好不容 易」、「特地」 せっかく⽇本に来たか ら、お寿司を⾷べまし ょう。 せっかくの休みなの に、⾬が降っている。 の  (no)：當「せっか く」修飾名詞時（例 如：難得的機會），⼀定 要加「の」。,teacher_agent,0.83
V0217,呼吸,こきゅう,呼吸,noun,N4,呼吸について勉強しています。,こきゅうについてべんきょうしています。,我正在學習關於呼吸的內容。,N4|noun,,teacher_agent,0.79
V0218,歩⾏,ほこう,⾏⾛,noun,N4,歩⾏について勉強しています。,ほこうについてべんきょうしています。,我正在學習關於⾏⾛的內容。,N4|noun,,teacher_agent,0.79
V0219,,ながいき,⻑壽,other,N4,ながいきについて勉強しています。,ながいきについてべんきょうしています。,我正在學習關於⻑壽的內容。,N4|other,,teacher_agent,0.79
V0220,訓練,くんれん,訓練,noun,N4,訓練について勉強しています。,くんれんについてべんきょうしています。,我正在學習關於訓練的內容。,N4|noun,,teacher_agent,0.79
V0221,苦労,くろう,⾟苦,noun,N4,苦労について勉強しています。,くろうについてべんきょうしています。,我正在學習關於⾟苦的內容。,N4|noun,,teacher_agent,0.79
V0222,我慢,がまん,忍耐,noun,N4,我慢について勉強しています。,がまんについてべんきょうしています。,我正在學習關於忍耐的內容。,N4|noun,,teacher_agent,0.79
V0223,刺激,しげき,刺激,noun,N4,とどけます 届けます 「送到」、「遞送」 他動詞（ [ 對象 ] に [東西 ] を  届けま す。,とどけます 届けます 「送到」、「遞送」 他動詞（ [ 對象 ] に [東西 ] を  届けま す。,刺激,N4|noun,とどけます 届けます 「送到」、「遞送」 他動詞（ [ 對象 ] に [東西 ] を  届けま す。 資料を  事務所に  届け ます。 おろします 降ろします 下ろします,teacher_agent,0.83
V0224,録⾳します,ろくおん,録⾳,noun,N2,録⾳しますについて勉強しています。,ろくおんについてべんきょうしています。,我正在學習關於録⾳的內容。,N2|noun,,teacher_agent,0.8
V0225,習字,しゅうじ,習字、書法,noun,N4,習字について勉強しています。,しゅうじについてべんきょうしています。,我正在學習關於習字的內容。,N4|noun,,teacher_agent,0.79
V0226,退屈,たいくつ,「無聊」、「悶」、「乏,noun,N4,味」。,味」。,「無聊」、「悶」、「乏,N4|noun,味」。 授業が  ⻑くて、退屈し ている。 形容詞⽤法：退屈な  [ 名 詞 ] ( 無聊的 ...) 動詞⽤法：退屈する (感到無聊 ) 助詞⽤法：〜で  退屈す,teacher_agent,0.83
V0227,,る,因為 ... ⽽感到無聊 ),other,N5,るについて勉強しています。,るについてべんきょうしています。,我正在學習關於因為 ... ⽽感到無聊 )的內容。,N5|other,,teacher_agent,0.88
V0228,緊張,きんちょう,緊張,noun,N4,緊張について勉強しています。,きんちょうについてべんきょうしています。,我正在學習關於緊張的內容。,N4|noun,,teacher_agent,0.79
V0229,希望,きぼう,希望,noun,N4,希望について勉強しています。,きぼうについてべんきょうしています。,我正在學習關於希望的內容。,N4|noun,,teacher_agent,0.79
V0230,感動,かんどう,感動,noun,N4,感動について勉強しています。,かんどうについてべんきょうしています。,我正在學習關於感動的內容。,N4|noun,,teacher_agent,0.79
V0231,感激,かんげき,感激,noun,N4,親切な  対応（たいお う）に、とても  感激し ました。,親切な  対応（たいお う）に、とても  感激し ました。,感激,N4|noun,親切な  対応（たいお う）に、とても  感激し ました。,teacher_agent,0.83
V0232,趁著、在,うちに,... 期間 例：休みのうちに  - 趁,noun,N2,趁著、在について勉強しています。,うちにについてべんきょうしています。,我正在學習關於... 期間 例：休みのうちに  - 趁的內容。,N2|noun,著放假 熱 名詞  + の  + うちに 形容詞  + うちに 動詞（現在進⾏ / 否定） + うちに 趁還沒忘記,teacher_agent,0.8
V0233,新刊,しんかん,新出版的書、新刊,noun,N4,新刊について勉強しています。,しんかんについてべんきょうしています。,我正在學習關於新出版的書的內容。,N4|noun,物。,teacher_agent,0.79
V0234,作者の,この,新刊は、,noun,N4,いつ  出ますか？ せっかく  楽しみにして いた  新刊なのに、内容 が  退屈だった。,いつ  出ますか？ せっかく  楽しみにして いた  新刊なのに、内容 が  退屈だった。,新刊は、,N4|noun,いつ  出ますか？ せっかく  楽しみにして いた  新刊なのに、内容 が  退屈だった。,teacher_agent,0.83
V0235,震撼,しんかん,震撼、震動,noun,N4,震撼について勉強しています。,しんかんについてべんきょうしています。,我正在學習關於震撼的內容。,N4|noun,,teacher_agent,0.79
V0236,,ついに,「終於」、「總算」、,other,N5,「到了最後」 ついに、新刊を  出すこ とが  できました！ 語法類別：副詞。,「到了最後」 ついに、新刊を  出すこ とが  できました！ 語法類別：副詞。,「終於」、「總算」、,N5|other,「到了最後」 ついに、新刊を  出すこ とが  できました！ 語法類別：副詞。 「ついに」通常放在句 ⾸或動詞前⾯，⽤來強 調經過了⼀段很⻑時間 的努⼒、等待或過程， 最後終於達到某個結果 （可以是好結果，也可 以是壞結果） 區分提⽰： やっと：偏向正向、鬆 了⼀⼝氣的「終於」（終 於趕上了）。 ついに  ：語氣更強⼤、 更正式，帶有⼀種「歷 史性的⼀刻」或「最終 結果」的感覺。,teacher_agent,0.92
V0237,,やっと,「終於」,other,N5,やっとについて勉強しています。,やっとについてべんきょうしています。,我正在學習關於「終於」的內容。,N5|other,偏向「個⼈情感」。強調 好不容易擺脫了痛苦或 完成了⾟苦的事（例 如：終於寫完作業了）,teacher_agent,0.88
V0238,誤解,ごかい,誤解,noun,N4,誤解について勉強しています。,ごかいについてべんきょうしています。,我正在學習關於誤解的內容。,N4|noun,,teacher_agent,0.79
V0239,記憶,きおく,記憶,noun,N4,記憶について勉強しています。,きおくについてべんきょうしています。,我正在學習關於記憶的內容。,N4|noun,,teacher_agent,0.79
V0240,混乱,こんらん,混乱,noun,N4,混乱について勉強しています。,こんらんについてべんきょうしています。,我正在學習關於混乱的內容。,N4|noun,,teacher_agent,0.79
V0241,勘違い,かんちがい,「誤會」、「搞錯」、,i_adjective,N4,「誤解（事實）」 すみません、時間を  勘 違いしていました。,「誤解（事實）」 すみません、時間を  勘 違いしていました。,「誤會」、「搞錯」、,N4|i_adjective,「誤解（事實）」 すみません、時間を  勘 違いしていました。 → していました  ：表⽰ 「過去⼀段時間內⼀直 處於搞錯的狀態」。 動詞⽤法：勘違い（を）,teacher_agent,0.83
V0242,,する,搞錯了 ),verb,N5,私は毎日する。,わたしはまいにちする。,我每天搞錯了 )。,N5|verb,形容詞⽤法：勘違いな [名詞 ] ( 搞錯的 ...) 被動⽤法：勘違いされ,teacher_agent,0.88
V0243,⾄急,しきゅう,⽕速、趕急,noun,N4,⾄急について勉強しています。,しきゅうについてべんきょうしています。,我正在學習關於⽕速的內容。,N4|noun,勘違いされないうち に、⾄急（しきゅう） 正しい資料を届けます,teacher_agent,0.79
V0244,参考書,さんこうしょ,「參考書」、「⼯具,noun,N4,参考書について勉強しています。,さんこうしょについてべんきょうしています。,我正在學習關於「參考書」的內容。,N4|noun,書」、「輔導教材」。,teacher_agent,0.79
V0245,解きます,ときます,「解開」、「解答」、,noun,N2,解きますについて勉強しています。,ときますについてべんきょうしています。,我正在學習關於「解開」的內容。,N2|noun,「解決」,teacher_agent,0.8
V0246,難しい,この,問題を、,i_adjective,N4,⼀緒に  解きましょう。,⼀緒に  解きましょう。,問題を、,N4|i_adjective,⼀緒に  解きましょう。 〜たつもりでも 〜ているつもりで も 即便主觀以為 ... （實 際上卻 ... ） → 雖然（主觀上）以為 已經做了某事，但 （事實上）卻並⾮如 此。 つもり  ：原本的意 思是「打算」或「主 觀的認知」。 でも  ：表⽰「即 使、雖然」。 復習した  つもりでも、 テストを  解いてみると 忘れていました。 → 雖 然主觀以為複習過了， 但試著解題後發現還是 忘了。,teacher_agent,0.83
V0247,決意,けつい,「決⼼」、「決意」、,noun,N4,「下定決⼼」 今年こそ  ⽇本語を  完 璧に  話そうと  決意し ました。,「下定決⼼」 今年こそ  ⽇本語を  完 璧に  話そうと  決意し ました。,「決⼼」、「決意」、,N4|noun,「下定決⼼」 今年こそ  ⽇本語を  完 璧に  話そうと  決意し ました。 こそ  ：強烈強調（正因 為是 ... ）。 話そう：話す的意向 形。,teacher_agent,0.83
V0248,観測,かんそく,「觀測」、「觀察（並,noun,N4,記錄）」、「預測」 この  観測データから、 新しい  惑星（わくせ い）が  ⾒つかりまし た。,記錄）」、「預測」 この  観測データから、 新しい  惑星（わくせ い）が  ⾒つかりまし た。,「觀測」、「觀察（並,N4|noun,記錄）」、「預測」 この  観測データから、 新しい  惑星（わくせ い）が  ⾒つかりまし た。 → 從這份觀測數據 中，發現了新的⾏星。 ⾒つかりました  ：被找 到了。,teacher_agent,0.83
V0249,承認,しょうにん,「承認」、「准許」、,noun,N4,承認について勉強しています。,しょうにんについてべんきょうしています。,我正在學習關於「承認」的內容。,N4|noun,「認可」、「贊同」 部⻑に  資料を  承認し,teacher_agent,0.79
V0250,,て,→,other,N5,てについて勉強しています。,てについてべんきょうしています。,我正在學習關於→的內容。,N5|other,部⻑已經幫我批准了資 料。,teacher_agent,0.78
V0251,外⾒,がいけん,外表、外觀,noun,N4,外⾒について勉強しています。,がいけんについてべんきょうしています。,我正在學習關於外表的內容。,N4|noun,,teacher_agent,0.79
V0252,いつの間にか,いつのまにか,「不知不覺間」、「不,noun,N2,知什麼時候」 勉強しているうちに、 いつの間にか夜に  な りました。,知什麼時候」 勉強しているうちに、 いつの間にか夜に  な りました。,「不知不覺間」、「不,N2|noun,知什麼時候」 勉強しているうちに、 いつの間にか夜に  な りました。 → 在複習功 課的過程中，不知不覺 就變成了夜晚。 動詞て形  + いている  + うちに：在 ... 的過程中,teacher_agent,0.85
V0253,,いまにも,「⾺上就要 ... 」、「眼,other,N4,看就要 ... 」 空が  暗いですね。,看就要 ... 」 空が  暗いですね。,「⾺上就要 ... 」、「眼,N4|other,看就要 ... 」 空が  暗いですね。今,teacher_agent,0.83
V0254,,（いま）にも,降,other,N4,りそうです。,りそうです。,降,N4|other,りそうです。,teacher_agent,0.73
V0255,⽣徒,せいと,學⽣ ( 指中⼩學⽣,noun,N4,⽣徒について勉強しています。,せいとについてべんきょうしています。,我正在學習關於學⽣ ( 指中⼩學⽣的內容。,N4|noun,,teacher_agent,0.79
V0256,掛けます,かけます,坐 ( 椅⼦上 お掛けください,noun,N2,掛けますについて勉強しています。,かけますについてべんきょうしています。,我正在學習關於坐 ( 椅⼦上 お掛けください的內容。,N2|noun,,teacher_agent,0.8
V0257,過ごします,すごします,度過 ( 時間,noun,N2,過ごしますについて勉強しています。,すごしますについてべんきょうしています。,我正在學習關於度過 ( 時間的內容。,N2|noun,「失去興趣」 勉強に  飽きるたび に、スマホを  いじって,teacher_agent,0.8
V0258,,しまう,每當讀書讀到,other,N5,膩的時候，就不⾃覺地 開始滑⼿機。,膩的時候，就不⾃覺地 開始滑⼿機。,每當讀書讀到,N5|other,膩的時候，就不⾃覺地 開始滑⼿機。 いじってしまう：不⼩ 通常指原本喜歡或感興 趣的事，因為做太多次 ⽽變得無聊 ⼼ / 不由⾃主地玩了起 來。,teacher_agent,0.92
V0259,,つい,「不⼩⼼」、「不由⾃,i_adjective,N5,主地」或「忍不住」 ダイエット中なのに、 （た）べてしまいまし た。,主地」或「忍不住」 ダイエット中なのに、 （た）べてしまいまし た。,「不⼩⼼」、「不由⾃,N5|i_adjective,主地」或「忍不住」 ダイエット中なのに、 （た）べてしまいまし た。 → 「無意識」或「不經意」 的⾏為 「最後」 三年間（かん）  努（つ と）めて、ついに Ｎ１ に  合格しました！ 經歷⻑時間後，終於出 現結果,teacher_agent,0.92
V0260,,たびに,「每當 ... 的時候」、,other,N5,「每次 ... 就 ... 」。,「每次 ... 就 ... 」。,「每當 ... 的時候」、,N5|other,「每次 ... 就 ... 」。 新しい  参考書を  買う たびに、決意（けつ い）を  新（あら）たに します。 [動詞原形  / 名詞  + の ] + たびに 強調「只要  A 發⽣，必 然會跟著發⽣  B 」 おかまいなく お構いなく 「請不⽤⿇煩」、「請 別費⼼」、「請不⽤拘 禮」 當你去朋友家，朋友問 你要不要喝咖啡或忙著 拿點⼼時： 友⼈：コーヒーでも  飲 みますか？（要喝點咖 啡什麼的嗎？） 你：あ、どうぞ  お構 （かま）いなく。 （啊，請不⽤⿇煩 了。）💡  ⽼師的⼩提 醒： 這句話雖然是拒絕，但 語氣⾮常溫柔。⽐起說 「結構（けっこう）で す（不⽤了）」，「お構 いなく」更帶有⼀種 「我不希望讓你太⾟ 苦」 ** 的體貼感。 語源：來⾃動詞「構 （かま）う」（介意、理 會、照顧）。加上「お」 和「なく」，變成「請不 要給我照顧 / ⿇煩」。,teacher_agent,0.92
V0261,初として,はじめとして,「以 ... 為⾸」、「以 ...,noun,N2,初としてについて勉強しています。,はじめとしてについてべんきょうしています。,我正在學習關於「以 ... 為⾸」的內容。,N2|noun,為代表」 社⻑を 初めとして、社 員全員が  努⼒していま,teacher_agent,0.8
V0262,,す,以社⻑為⾸，全體,other,N5,すについて勉強しています。,すについてべんきょうしています。,我正在學習關於以社⻑為⾸，全體的內容。,N5|other,員⼯都在努⼒。,teacher_agent,0.88
V0263,通います,かよいます,「通勤」、「通學」、,noun,N2,「定期往返於某處」 毎⽇、電⾞で  ⼤学に 通っています。,「定期往返於某處」 毎⽇、電⾞で  ⼤学に 通っています。,「通勤」、「通學」、,N2|noun,「定期往返於某處」 毎⽇、電⾞で  ⼤学に 通っています。,teacher_agent,0.85
V0264,通知します,つうちします,「通知」、「告知」 合格の  結果を  メール,noun,N2,で  通知します。,で  通知します。,「通知」、「告知」 合格の  結果を  メール,N2|noun,で  通知します。 通常是指官⽅、系統或 上對下發出的正式訊息,teacher_agent,0.85
V0265,代⾦,だいきん,「貨款」、「價⾦」、,noun,N4,代⾦について勉強しています。,だいきんについてべんきょうしています。,我正在學習關於「貨款」的內容。,N4|noun,「費⽤」 買東西或接受服務後所 需⽀付的價款,teacher_agent,0.79
V0266,代⾦引換,だいきんひきかえ,貨到付款 簡稱  「代引（だいび,noun,N2,き）」。,き）」。,貨到付款 簡稱  「代引（だいび,N2|noun,き）」。,teacher_agent,0.85
V0267,,あまりに,「太過於 ... 」、「過,other,N4,あまりにについて勉強しています。,あまりにについてべんきょうしています。,我正在學習關於「太過於 ... 」的內容。,N4|other,度 ... 」,teacher_agent,0.79
V0268,参考書は,この,内容が,noun,N2,参考書はについて勉強しています。,このについてべんきょうしています。,我正在學習關於内容が的內容。,N2|noun,あまりに 難しくて、つ,teacher_agent,0.8
V0269,諦めて,いに,しまいま,noun,N4,した。,した。,しまいま,N4|noun,した。 → 這本參考書內 客觀地描述「太過度」 的事實。 語感：這是⼀般程度的 「太過」。 容太難了，我終於還是 放棄了 語法結構： 詞 常與  「〜て  / 〜ので （因為）」 連⽤，引出 後⾯的結果。,teacher_agent,0.83
V0270,,あまりにも,「超乎想像地 ...」。,other,N4,あまりにも 悲しくて、 今にも  泣き出しそうで す 主觀地強調「真的太過 分了」 語感：強調感加倍。,あまりにも 悲しくて、 今にも  泣き出しそうで す 主觀地強調「真的太過 分了」 語感：強調感加倍。,「超乎想像地 ...」。,N4|other,あまりにも 悲しくて、 今にも  泣き出しそうで す 主觀地強調「真的太過 分了」 語感：強調感加倍。這 個「も」帶有⼀種「居 然到這種程度！」的驚 訝或感嘆。 必（かなら）ずし,teacher_agent,0.83
V0271,,も,「未必」、「不⼀,other,N5,定」、「不⾒得」 ⾼い  参考書が、必ずし も 良い（よい）とは 限り（かぎり）ませ ん。,定」、「不⾒得」 ⾼い  参考書が、必ずし も 良い（よい）とは 限り（かぎり）ませ ん。,「未必」、「不⼀,N5|other,定」、「不⾒得」 ⾼い  参考書が、必ずし も 良い（よい）とは 限り（かぎり）ませ ん。 → 貴的參考書，未 必就是好的。 「必ずしも」是⼀個 「呼應副詞」。 看到它出現，句尾⼀定 要接「否定（ない）」。 必ずしも  〜とは  限（か,teacher_agent,0.92
V0272,,ぎ）らない,不⾒得只,i_adjective,N4,今日はぎ）らない。,きょうはぎ）らない。,今天很不⾒得只。,N4|i_adjective,限於 ...) 必ずしも  〜わけではな,teacher_agent,0.79
V0273,,い,並不代表就是 ...)必,i_adjective,N5,今日はい。,きょうはい。,今天很並不代表就是 ...)必。,N5|i_adjective,,teacher_agent,0.88
V0274,,ずしも,( 未,other,N5,必是 ...) いまひとつ いまいち ー 還差⼀點、不夠完 美。,必是 ...) いまひとつ いまいち ー 還差⼀點、不夠完 美。,( 未,N5|other,必是 ...) いまひとつ いまいち ー 還差⼀點、不夠完 美。 差強⼈意、普普通 通、不太 ... 。 この  参考書は、説明が いまひとつ 分かりにく,teacher_agent,0.92
V0275,,いです,這本參考書的,other,N5,說明，總覺得還差那麼 ⼀點，有點難懂。,說明，總覺得還差那麼 ⼀點，有點難懂。,這本參考書的,N5|other,說明，總覺得還差那麼 ⼀點，有點難懂。 せっかく  復習したけ ど、テストの  出来（で き）は  いまいちだっ た。 → 難得複習了，但 考出來的結果（表現） 差強⼈意。,teacher_agent,0.92
V0276,解決,かいけつ,解決,noun,N4,解決について勉強しています。,かいけつについてべんきょうしています。,我正在學習關於解決的內容。,N4|noun,,teacher_agent,0.79
V0277,,ほうがく,⽅向 駅は  どちらの ⽅⾓で,other,N4,ほうがくについて勉強しています。,ほうがくについてべんきょうしています。,我正在學習關於⽅向 駅は  どちらの ⽅⾓で的內容。,N4|other,すか？ 東：ひがし 西：にし 南：みなみ 北：きた,teacher_agent,0.79
V0278,留守,るす,「不在家」、「外出」 隣の  家は  今、留守の,noun,N4,ようです。,ようです。,「不在家」、「外出」 隣の  家は  今、留守の,N4|noun,ようです。 → 隔壁鄰居 現在好像不在家 留守（るす）にする： 出⾨不在家、使家裡沒 ⼈。 留守（るす）中（ちゅ う）：不在家期間。 留守（るす）番（ば ん）：這才是我們中⽂說 的「留守」，指主⼈不在 時「看家」的⼈。,teacher_agent,0.83
V0279,反省,はんせい,「檢討」、「內省」、,noun,N4,「反思」 「⾃分の  失敗を  反省 します。,「反思」 「⾃分の  失敗を  反省 します。,「檢討」、「內省」、,N4|noun,「反思」 「⾃分の  失敗を  反省 します。」（反省⾃⼰ 的失敗。）,teacher_agent,0.83
V0280,興奮,こうふん,「興奮」、「激動」,noun,N4,試合を  ⾒て、あまりに 興奮して  眠れませんで した。,試合を  ⾒て、あまりに 興奮して  眠れませんで した。,「興奮」、「激動」,N4|noun,試合を  ⾒て、あまりに 興奮して  眠れませんで した。,teacher_agent,0.83
V0281,熱中,ねっちゅう,「熱衷」、「著迷」、,noun,N4,「全神貫注」 「彼は  今、ゲームに 熱中している  よう だ。,「全神貫注」 「彼は  今、ゲームに 熱中している  よう だ。,「熱衷」、「著迷」、,N4|noun,「全神貫注」 「彼は  今、ゲームに 熱中している  よう だ。」（他現在好像正 著迷於遊戲中。）,teacher_agent,0.83
V0282,選択,せんたく,「選擇」、「選項」,noun,N4,「どの  参考書を  買う か、選択に  迷（まよ） う。,「どの  参考書を  買う か、選択に  迷（まよ） う。,「選擇」、「選項」,N4|noun,「どの  参考書を  買う か、選択に  迷（まよ） う。」（在選擇要買哪 本參考書時感到猶 豫。）,teacher_agent,0.83
V0283,決⼼,けっしん,「下定決⼼」,noun,N4,「毎⽇⽇記（を  書こう と  決⼼した。,「毎⽇⽇記（を  書こう と  決⼼した。,「下定決⼼」,N4|noun,「毎⽇⽇記（を  書こう と  決⼼した。」（下定 決⼼每天要寫⽇記。） 【個⼈⾏動型】 語感：偏向個⼈的⽇常 ⽣活、習慣。例如：決 定減肥、決定早起、決 定戒菸 「ついに  ⽇本に  留学,teacher_agent,0.83
V0284,決意を,する,固（かた）,verb,N4,めた。,めた。,固（かた）,N4|verb,めた。」（終於堅定了 要到⽇本留學的決 ⼼。） 【重⼤⼈⽣ / 公眾型】 語感：更嚴肅、堅定， 通常關乎⼈⽣重⼤轉 折、⽬標或對外的宣 ⽰。,teacher_agent,0.83
V0285,承知,しょうち,「知道」、「了解」、,noun,N4,「答應」。,「答應」。,「知道」、「了解」、,N4|noun,「答應」。 「代⾦の  ⽀払いについ て、承知いたしまし た。」（關於貨款⽀付 的事宜，我已經了解 （並會照辦）了。） 語感：⽐「わかりまし た」更正式，表⽰你不 但聽懂了，⽽且接受並 願意承擔這個要求。,teacher_agent,0.83
V0286,振り返る,ふりかえる,回憶,verb,N2,私は毎日振り返る。,わたしはまいにちふりかえる。,我每天回憶。,N2|verb,,teacher_agent,0.8
V0287,この頃,このごろ,「最近」、「這陣⼦」,noun,N4,このごろ、あまりに  暑 ね。,このごろ、あまりに  暑 ね。,「最近」、「這陣⼦」,N4|noun,このごろ、あまりに  暑 ね。 → 這陣⼦，太過炎 熱的⽇⼦⼀直持續著 呢。 時態搭配：通常接現在 進⾏式（〜ている）或 過去式。 對象：天氣、⼼情、社 會現象、個⼈的習慣。 おさらい 「複習」、「溫習」、 「重溫」 テストの  前に、この 参考書を  もう⼀度おさ らいしましょう。 → 考 試前，我們把這本參考 書再複習⼀遍吧。 おさらいする：進⾏複 習。 今⽇のおさらい：今天 的重點回顧。,teacher_agent,0.83
V0288,注⽬,ちゅうもく,注⽬、注視,noun,N4,注⽬について勉強しています。,ちゅうもくについてべんきょうしています。,我正在學習關於注⽬的內容。,N4|noun,きょうふ,teacher_agent,0.79
V0289,平年並み,へいねんなみ,「與往年持平」、「跟,noun,N2,常年⼀樣」 1. 語法結構解剖這個詞 是由兩個部分組成的： 平年（へいねん）：指過 去  30 年的平均值（氣 象學上的標準）。,常年⼀樣」 1. 語法結構解剖這個詞 是由兩個部分組成的： 平年（へいねん）：指過 去  30 年的平均值（氣 象學上的標準）。,「與往年持平」、「跟,N2|noun,常年⼀樣」 1. 語法結構解剖這個詞 是由兩個部分組成的： 平年（へいねん）：指過 去  30 年的平均值（氣 象學上的標準）。 並（な）み：接尾詞， 表⽰「普通」、「同等 級」、「並列」。例如：⼈ 並（ひとな）み（跟⼀ 般⼈⼀樣）、プロ並 （な）み（專業等級）。,teacher_agent,0.85
V0290,隅々,すみずみ,「⾓落各處」、「每個,noun,N4,⾓落」、「到處」 この  パンフレットの 隅々まで  読んだが、値 段は  書いていなかっ た。,⾓落」、「到處」 この  パンフレットの 隅々まで  読んだが、値 段は  書いていなかっ た。,「⾓落各處」、「每個,N4|noun,⾓落」、「到處」 この  パンフレットの 隅々まで  読んだが、値 段は  書いていなかっ た。 → 我連這本⼿冊的 每個⾓落都讀遍了，但 上⾯沒寫價錢。 隅（すみ）：指內⾓的⾓ 落（例如房間的⾓落）。 隅々（すみずみ）：把所 有的「隅」都連在⼀ 起，強調「完全沒有遺 漏」的空間感。 眠っている物 ー 『閒置物品』、『陳年 舊物』 家（いえ）に  眠（ね む）っている  物（も の）を、メルカリ  で 売（う）りました。 → 把家裡閒置 / 吃灰塵的 東西，放在  Mercari （⽇本⼆⼿拍賣平台） 上賣掉了。,teacher_agent,0.83
V0291,相応しい,ふさわしい,適合、相稱,i_adjective,N2,今日は相応しい。,きょうはふさわしい。,今天很適合。,N2|i_adjective,,teacher_agent,0.8
V0292,等しい,ひとしい,相等的，相同的,i_adjective,N4,今日は等しい。,きょうはひとしい。,今天很相等的，相同的。,N4|i_adjective,せいざ 正座,teacher_agent,0.79
V0293,仕⽴て,したて,「裁縫」、「縫製」、,noun,N4,仕⽴てについて勉強しています。,したてについてべんきょうしています。,我正在學習關於「裁縫」的內容。,N4|noun,「做好的⾐服」,teacher_agent,0.79
V0294,,スーツ,は  仕⽴て,noun,N5,スーツについて勉強しています。,スーツについてべんきょうしています。,我正在學習關於は  仕⽴て的內容。,N5|noun|外来語,,teacher_agent,0.88
V0295,,が,→ 這套西裝的,other,N5,がについて勉強しています。,がについてべんきょうしています。,我正在學習關於→ 這套西裝的的內容。,N5|other,剪裁 / 做⼯很好。,teacher_agent,0.88
V0296,下⼿,したて,「低姿態」、「謙遜的,noun,N4,態度」 ビジネス  では、時に 下⼿に  出る  こと  も  ⼤ 切だ。,態度」 ビジネス  では、時に 下⼿に  出る  こと  も  ⼤ 切だ。,「低姿態」、「謙遜的,N4|noun,態度」 ビジネス  では、時に 下⼿に  出る  こと  も  ⼤ 切だ。 → 在商務上，有 時候採取低姿態也是很 重要的。,teacher_agent,0.83
V0297,上⼿,うわて,⾼姿態、⾼⼿,noun,N4,かかえる 抱える 「抱著（⼤件⾏ 李）」、「夾著（公事 包）」 承擔、背負（負⾯居 多） 彼（かれ）は  ⼤きな 荷物（にもつ）を  抱 （かか）えて  歩（あ る）いている。,かかえる 抱える 「抱著（⼤件⾏ 李）」、「夾著（公事 包）」 承擔、背負（負⾯居 多） 彼（かれ）は  ⼤きな 荷物（にもつ）を  抱 （かか）えて  歩（あ る）いている。,⾼姿態、⾼⼿,N4|noun,かかえる 抱える 「抱著（⼤件⾏ 李）」、「夾著（公事 包）」 承擔、背負（負⾯居 多） 彼（かれ）は  ⼤きな 荷物（にもつ）を  抱 （かか）えて  歩（あ る）いている。 → 他正 抱著⼀個⼤⾏李⾛著。 現代⼈（げんだいじ ん）は、みんな  多くの,teacher_agent,0.83
V0298,,ストレス,抱（かか）,noun,N3,えている。,えている。,抱（かか）,N3|noun|外来語,えている。 → 現代⼈每 個⼈都承受著 / 背負著 極⼤的壓⼒。 動詞原型（現在 式）或名詞  +にし たがって ー 隨著、伴隨、「按 照 …… 」、「遵 照 …… 」 年を  取る  にしたがっ て、體⼒が  衰（おと,teacher_agent,0.86
V0299,,ろ）えます,隨著年齡,other,N4,ろ）えますについて勉強しています。,ろ）えますについてべんきょうしています。,我正在學習關於隨著年齡的內容。,N4|other,增⻑，體⼒也會隨之衰 退。 💡  語感加油站：,teacher_agent,0.79
V0300,,にしたがって,に伴っ,other,N4,て這兩個「隨著」在 N2 中⾮常容易混淆， 讓我們精準  Debug ： 予定表（よていひょ う）に  したがって、作 業（さぎょう）を  進 （すす）める。,て這兩個「隨著」在 N2 中⾮常容易混淆， 讓我們精準  Debug ： 予定表（よていひょ う）に  したがって、作 業（さぎょう）を  進 （すす）める。,に伴っ,N4|other,て這兩個「隨著」在 N2 中⾮常容易混淆， 讓我們精準  Debug ： 予定表（よていひょ う）に  したがって、作 業（さぎょう）を  進 （すす）める。 → 照預 定表推進作業 〜にしたがって：強調 「同⼀個⽅向的漸進變 化」（就像爬樓梯，爬得 越⾼，⾵景越遠）。後⽅ 只能接⾃然發⽣的變 化，不能接說話者的意 志或命令。 〜に伴（ともな）っ て：側重於  「⼀整套事 件的連帶發⽣」（⼤規模 的改變，不⼀定有漸進 感，如：隨著搬家，⽣ 活型態也變了）。 名詞  或  動詞原型 （現在式）＋に伴 （ともな）って ー 「隨著 …… 」、「伴 隨 …… 」、「因 …… ⽽ 同步發⽣」 都市（とし）の  開発 （かいはつ）に  伴（と もな）って、⼈⼝（じ んこう）が  増加（ぞう,teacher_agent,0.83
V0301,,か）,→ 隨,other,N5,か）について勉強しています。,か）についてべんきょうしています。,我正在學習關於→ 隨的內容。,N5|other,著都市的開發，⼈⼝也 隨之增加了,teacher_agent,0.88
V0302,,システム,変更（へ,noun,N3,んこう）に  伴（とも な）って、⼀部（いち ぶ）の  機能（きのう） が  使（つか）えなくな ります。,んこう）に  伴（とも な）って、⼀部（いち ぶ）の  機能（きのう） が  使（つか）えなくな ります。,変更（へ,N3|noun|外来語,んこう）に  伴（とも な）って、⼀部（いち ぶ）の  機能（きのう） が  使（つか）えなくな ります。 → 伴隨著系統 變更，部分功能將無法 使⽤ 因果關係或連帶關係極 強的⼤型改變」。當  A 事件發⽣時， B 狀態會 像配套措施或副作⽤⼀ 樣「成套地」⼀起出 現。,teacher_agent,0.86
V0303,,とうとう,「終於」、「到頭,other,N4,とうとうについて勉強しています。,とうとうについてべんきょうしています。,我正在學習關於「終於」的內容。,N4|other,來」、「到底」 愛⽤（あいよう）して,teacher_agent,0.79
V0304,,パソコン,が、と,noun,N3,うとう  壊（こわ）れ た。,うとう  壊（こわ）れ た。,が、と,N3|noun|外来語,うとう  壊（こわ）れ た。 → ⼀直愛⽤的電 腦，終究還是壞了 觀測重點（超重要！）： 它可以⽤於正⾯的結果 （如：努⼒很久終於成 功了）。 但它更常⽤於負⾯的結 果（如：壞事終究還是 發⽣了、壞掉的東西終 於徹底報銷了）。 無論好壞，它都強調 「事情的發展終於塵埃 落定」。,teacher_agent,0.86
V0305,診断,しんだん,診斷,noun,N4,診断について勉強しています。,しんだんについてべんきょうしています。,我正在學習關於診斷的內容。,N4|noun,,teacher_agent,0.79
V0306,決定,けってい,決定,noun,N4,決定について勉強しています。,けっていについてべんきょうしています。,我正在學習關於決定的內容。,N4|noun,,teacher_agent,0.79
V0307,重視,じゅうし,重視,noun,N4,重視について勉強しています。,じゅうしについてべんきょうしています。,我正在學習關於重視的內容。,N4|noun,,teacher_agent,0.79
V0308,感⼼,かんしん,佩服,noun,N4,感⼼について勉強しています。,かんしんについてべんきょうしています。,我正在學習關於佩服的內容。,N4|noun,,teacher_agent,0.79
V0309,⾃慢,じまん,⾃誇,noun,N4,⾃慢について勉強しています。,じまんについてべんきょうしています。,我正在學習關於⾃誇的內容。,N4|noun,,teacher_agent,0.79
V0310,否定,ひてい,否定,noun,N4,名詞をめぐり / をめ ぐって 「圍繞著 …… 」、 「就 …… （爭論 / 對 新しい  政策（せいさ く）  をめぐり、国会 點！）： ⽴）」 （こっかい）で  激しい 議論（ぎろん）が  交 （か）わされていま す。,名詞をめぐり / をめ ぐって 「圍繞著 …… 」、 「就 …… （爭論 / 對 新しい  政策（せいさ く）  をめぐり、国会 點！）： ⽴）」 （こっかい）で  激しい 議論（ぎろん）が  交 （か）わされていま す。,否定,N4|noun,名詞をめぐり / をめ ぐって 「圍繞著 …… 」、 「就 …… （爭論 / 對 新しい  政策（せいさ く）  をめぐり、国会 點！）： ⽴）」 （こっかい）で  激しい 議論（ぎろん）が  交 （か）わされていま す。 → 圍繞著新政策， 國會正展開激烈的討論 後⾯百分之百只能接帶 有「複數⼈互動」的動 作，特別是  對⽴、爭 論、討論、爭奪 類的動 詞， 例如：議論（ぎろん） する（議論）争う（あ らそう）（爭奪、競爭） 対⽴（たいりつ）する （對⽴） 名詞を込めて ー 飽含、傾注、滿懷、 充滿。 表⽰飽含著情感、精神 或⼒量去做某事。前多 使⽤「⼼」「気持ち」 「祈り」「思い」 名詞の末に ー 表⽰經歷漫⻑、⾟苦 的過程之後，終於順 理成章地有了後項的 結果。 常和「いろいろ」「さん ざん」「⻑い時間」搭配 使⽤,teacher_agent,0.83
V0311,権,けん,權ㄨ,noun,N4,権について勉強しています。,けんについてべんきょうしています。,我正在學習關於權ㄨ的內容。,N4|noun,える 得る 「得到」、「獲得」 （抽象的東西，如知 識、許可、利益） 或是表⽰「可能性」 経験（けいけん）を  得 る：獲得經驗 許可（きょか）を  得 る：獲得許可,teacher_agent,0.79
V0312,,もちいる,「使⽤」、「利⽤」、,verb,N4,「採⽤」 この  研究では、新しい 理論を  ⽤いています。,「採⽤」 この  研究では、新しい 理論を  ⽤いています。,「使⽤」、「利⽤」、,N4|verb,「採⽤」 この  研究では、新しい 理論を  ⽤いています。 新的理論 使う：最通⽤的詞，舉 凡洗⼿、⽤錢、⽤筆都 可以。 VS ⽤いる：正式感：⽤於 論⽂、報告或新聞。特 定⽬的：為了達成某個 ⽬標⽽「採⽤」某種⼿ 段、材料或⼈才。成語 / 慣⽤語：例如「名（な） を  ⽤（もち）いる」 （使⽤某個名字）。,teacher_agent,0.83
V0313,預ける,あずける,「寄存」、「委託保,verb,N4,管」、「寄放」 給料を  ついに  銀⾏に 預（あず）けた。,管」、「寄放」 給料を  ついに  銀⾏に 預（あず）けた。,「寄存」、「委託保,N4|verb,管」、「寄放」 給料を  ついに  銀⾏に 預（あず）けた。 → 終 於把薪⽔存進（寄放 在）銀⾏了。 1. 語法結構解剖它通常 涉及三個要素： 什麼東西：⽤助詞 「を」。 寄放在哪裡∕誰那裡： ⽤助詞  「に」。 預（あず）ける (Azukeru)：「寄放」。 給別⼈。（我把東西給對 ⽅保管） 預（あず）かる  ：「保 管」。動作從「別⼈」來 到我這裡。（我替對⽅保 管東西） 情境觀測： 你去櫃檯寄放：「預（あ ず）けて  もらえます か？」（能讓我寄放 嗎？） 櫃檯⼈員收下：「お預 （あず）かり  しま す。」（我為您保管。）,teacher_agent,0.83
V0314,残す,のこす,「留下」、「剩餘」、,noun,N4,残すについて勉強しています。,のこすについてべんきょうしています。,我正在學習關於「留下」的內容。,N4|noun,「遺留」 あまりに  量（りょう） が  多かったので、好き,teacher_agent,0.79
V0315,料理を,な,残してしま,noun,N4,いました。,いました。,残してしま,N4|noun,いました。 → 因為份量 實在太多了，所以我不 ⼩⼼剩下了喜歡的菜。 あまりに：「太過」 〜てしまいました：遺 憾的⼝吻,teacher_agent,0.83
V0316,替える,かえる,「更換」、「替換」、,verb,N4,私は毎日替える。,わたしはまいにちかえる。,我每天「更換」。,N4|verb,「換新」 このごろ  電池（でん,teacher_agent,0.79
V0317,減りが,ち）の,早いの,noun,N4,で、新しいものに  替え ました。,で、新しいものに  替え ました。,早いの,N4|noun,で、新しいものに  替え ました。 → 這陣⼦電池 耗電很快，所以我換了 新的。 它強調的是「 A 消失， B 出現」的過程。 電池（でんち）を  替 （か）える：換電池。 下着（したぎ）を  替 （か）える：換內⾐褲 （換洗）。 場所（ばしょ）を  替 （か）える：換地⽅。 さす 差す 撐（傘）：傘（かさ） を  さす 照射（光線）：⽇ （ひ）が  さす 點（眼藥⽔）：⽬薬 （めぐすり）を  さ す 指（⽅向）：指（ゆ び）を  さす ⾬が  降ってきたので、 傘を  さしました。 部屋の  隅々（すみず,teacher_agent,0.83
V0318,光が,み）まで,さして,noun,N4,います。,います。,さして,N4|noun,います。 ⽬が  疲れたので、⽬薬 （めぐすり）を  さした んです。 彼は  北の  ⽅⾓（ほう かく）を  さしました。 あむ 編む 「編織」、「編（頭 髮）」、「編寫（辭典 等）」,teacher_agent,0.83
V0319,寒く,このごろ,なって,noun,N4,寒くについて勉強しています。,このごろについてべんきょうしています。,我正在學習關於なって的內容。,N4|noun,きたので、彼に  セータ,teacher_agent,0.79
V0320,編（あ）んで,ーを,い,noun,N2,ます。,ます。,い,N2|noun,ます。 所以我正在為他織⽑⾐ 寒くなって  きた：「開 始變（冷）並朝我⽽ 來」。 セーターを  編（あ） む：織⽑⾐ 髪（かみ）を  編（あ） む：編頭髮（如三股 辨）。 ⽵（たけ）を  編（あ） む：編⽵簍。 辞書（じしょ）を  編 （あ）む：編纂辭典 （將⼤量資料有系統地 組織起來）。,teacher_agent,0.75
V0321,敷く,しく,「鋪」、「墊」、「展開,noun,N4,（平⾯的東西）」 客が  来る  前に、座布 団を  敷いて  おきまし 布団（ふとん）を  敷 （し）く：鋪床（鋪被 た。,（平⾯的東西）」 客が  来る  前に、座布 団を  敷いて  おきまし 布団（ふとん）を  敷 （し）く：鋪床（鋪被 た。,「鋪」、「墊」、「展開,N4|noun,（平⾯的東西）」 客が  来る  前に、座布 団を  敷いて  おきまし 布団（ふとん）を  敷 （し）く：鋪床（鋪被 た。 經先鋪好坐墊了 褥）。 座布団（ざぶとん）を 敷（し）く：放坐墊 （鋪墊⼦）。 鉄道（てつどう）を  敷 （し）く：鋪設鐵路 （雖然鐵軌是硬的，但 在地圖上它是平鋪延伸 的）。 クッション：靠墊 / 抱 枕 すっきり ー 爽快的 1. ⼼情與頭腦：舒 暢、爽快 2. 空間與外觀：整 潔、簡約 3. 味覺：清爽、不膩 悩みが  解決（かいけ つ）して、気分が  すっ きり しました 得⾮常舒暢。 部を  掃除（そうじ）し たら、すっきり ⾒えま す。 來變得很整潔。 この  レモンティーは 後味（あとあじ）が  す,teacher_agent,0.83
V0322,,っきり,います,other,N5,很清爽 描述的是⼀種「雜質被 排除後，變得乾淨、順 暢、⼼情舒暢」的狀 態。,很清爽 描述的是⼀種「雜質被 排除後，變得乾淨、順 暢、⼼情舒暢」的狀 態。,います,N5|other,很清爽 描述的是⼀種「雜質被 排除後，變得乾淨、順 暢、⼼情舒暢」的狀 態。無論是空間、⼼情 還是⾝體，只要那種 「卡卡的感覺」消失 了，就可以⽤這個詞。 ぎっしり ー 擠得滿滿的 1. 空間的填滿：塞 滿、密密⿇⿇ 2. ⾏程的緊湊：排 滿滿 3. ⾷物的紮實：料 好實在 本棚に  本が  ぎっしり 並んで  います。 滿了書。 今週は  予定が  ぎっし,teacher_agent,0.92
V0323,詰（つ）まって,り,い,noun,N2,ます。,ます。,い,N2|noun,ます。 級滿。,teacher_agent,0.75
V0324,,この,中⾝,other,N5,（なかみ）が  ぎっしり です。,（なかみ）が  ぎっしり です。,中⾝,N5|other,（なかみ）が  ぎっしり です。 很紮實。 描述的就是⼀種「塞得 滿滿的、沒有⼀點縫隙」 的狀態。當你觀測（観 測）到⼀個空間被填滿 到極限時 びっしょり ー 濕透 1. 被⾬淋濕：濕透了 2. 流汗：⼤汗淋漓 傘を  忘れて、服が  び っしょり 濡（ぬ）れま した。 了。 あまりに  暑くて、背中,teacher_agent,0.92
V0325,汗で,が,びっしょり で,noun,N4,す。,す。,びっしょり で,N4|noun,す。 上全都是汗 描述那種「濕透了、⽔ 分飽和到極限」的狀 態。當你觀測（観測） 到某樣東西（或是⼈） 被液體完全浸濕，甚⾄ 可以擰出⽔來時，就是 這個詞登場的時候了。 ぴったり ー 正合適 1. 尺⼨與空間：剛 好、吻合 2. 時間與數字：準 時、精確 3. 性格與氛圍：合 適、配對,teacher_agent,0.83
V0326,靴（くつ）は,この,私,noun,N2,靴（くつ）はについて勉強しています。,このについてべんきょうしています。,我正在學習關於私的內容。,N2|noun,（わたし）の  ⾜（あ,teacher_agent,0.7
V0327,,し）に,で,other,N5,す。,す。,で,N5|other,す。 完全吻合。 約束（やくそく）の  時 間（じかん）  ぴったり に  到着（とうちゃく） しました。 達了。 彼（かれ）に  ぴったり な  仕事（しごと）を ⾒（み）つけました。 他的⼯作。 描述的是⼀種「完全吻 合、剛好合適、嚴絲合 縫」的狀態。當你觀測 （觀測）到兩樣東西之 間沒有任何縫隙，或者 某個東西完全符合你的 需求時，就是這個詞登 場的最佳時機。,teacher_agent,0.82
V0328,暮らす,くらす,「過⽇⼦」、「居住、,noun,N4,暮らすについて勉強しています。,くらすについてべんきょうしています。,我正在學習關於「過⽇⼦」的內容。,N4|noun,⽣活」、「度⽇」 私は  今、家族と  台北,teacher_agent,0.79
V0329,暮らして,で,います。,noun,N2,台北⽣活 語法結構解剖 它通常描述的是⼀種⻑ 期、穩定的⽣活狀態。,台北⽣活 語法結構解剖 它通常描述的是⼀種⻑ 期、穩定的⽣活狀態。,います。,N2|noun,台北⽣活 語法結構解剖 它通常描述的是⼀種⻑ 期、穩定的⽣活狀態。 ⼀⼈（ひとり）で  暮 （く）らす：⼀個⼈⽣ 活（獨居）。 ⽥舎（いなか）で  暮 （く）らす：在鄉下⽣ 活。 楽（たの）しく  暮 （く）らす：快樂地過 ながめる 眺める 「遠眺」、「凝視」、 「注視」、「欣賞（⾵ 景）」 窓から  外の  景⾊を  眺,teacher_agent,0.85
V0330,好きです。,めるのが,→,noun,N2,我喜歡從窗⼾遠眺外⾯ 的景⾊。,我喜歡從窗⼾遠眺外⾯ 的景⾊。,→,N2|noun,我喜歡從窗⼾遠眺外⾯ 的景⾊。 語法結構解剖 它通常⽤於美景、街 景，或者是你陷⼊沉思 時盯著某物看的動作。 景⾊（けしき）を  眺 （なが）める：欣賞景 ⾊。 海（うみ）を  眺（な が）める：看海。 鏡（かがみ）を  眺（な が）める：照著鏡⼦ （端詳⾃⼰）。,teacher_agent,0.75
V0331,注ぐ,そそぐ,「注⼊」、「倒（液,noun,N4,要不要我幫您的 杯⼦倒點冰⽔呢？ 語法結構解剖 它常⽤於液體的流動， 或是抽象⼒量的集中。,要不要我幫您的 杯⼦倒點冰⽔呢？ 語法結構解剖 它常⽤於液體的流動， 或是抽象⼒量的集中。,「注⼊」、「倒（液,N4|noun,體）」、「傾注（情 感、⼒量）」、「（河 流）注⼊」 コップに  冷（つめ）た （そそ）ぎましょう か？ → 要不要我幫您的 杯⼦倒點冰⽔呢？ 語法結構解剖 它常⽤於液體的流動， 或是抽象⼒量的集中。 お茶（ちゃ）を  注（そ そ）ぐ：倒茶。 愛情（あいじょう）を 注（そそ）ぐ：傾注愛 情。 ⼒（ちから）を  注（そ そ）ぐ：致⼒於、投⼊ ⼒量。 川（かわ）が  海（う み）に  注（そそ）ぐ： 河流注⼊⼤海。 はかる 測る 「測量（⻑寬⾼、距 離、深度、⼟地⾯ 積）」 家具を  買う  前に、部 屋の  隅々まで  広さを 測りました。 → 買家具 之前，我測量了房間每 個⾓落的寬度。,teacher_agent,0.83
V0332,炊く,たく,「煮（飯）」、「炊,noun,N4,炊くについて勉強しています。,たくについてべんきょうしています。,我正在學習關於「煮（飯）」的內容。,N4|noun,（飯）」 ⼣飯（ゆうはん）の  前 に、新しい  お⽶を  炊,teacher_agent,0.79
V0333,,いて,→ 在晚,other,N5,餐前，我已經先煮好新 ⽶了 專⾨⽤於將穀物（特別 是⽶）加⼊適量的⽔， 透過加熱使其熟透且⽔ 分完全被吸收的過程。,餐前，我已經先煮好新 ⽶了 專⾨⽤於將穀物（特別 是⽶）加⼊適量的⽔， 透過加熱使其熟透且⽔ 分完全被吸收的過程。,→ 在晚,N5|other,餐前，我已經先煮好新 ⽶了 專⾨⽤於將穀物（特別 是⽶）加⼊適量的⽔， 透過加熱使其熟透且⽔ 分完全被吸收的過程。 御飯（ごはん）を  炊 （た）く：煮飯。 ⽶（こめ）を  炊（た） く：炊⽶。 炊（た）きたて：剛煮 好的（飯）。 炊（た）く  ：⽬標是 「⽔分被吸乾」。例如： 煮飯、煮紅⾖。 煮（に）る：⽬標是 「在湯汁中加熱」。例 如：煮湯、燉⾁、煮⽕ 鍋（湯汁會留著）。,teacher_agent,0.92
V0334,挟む,はさむ,「夾」、「夾⼊」、「插,noun,N4,挟むについて勉強しています。,はさむについてべんきょうしています。,我正在學習關於「夾」的內容。,N4|noun,⼊（兩物之間）」 ⼤事な  領収書（りょう しゅうしょ）を、⼿帳 （てちょう）の  隅々ま,teacher_agent,0.79
V0335,探して、やっと,で,ペ,noun,N2,探して、やっとについて勉強しています。,でについてべんきょうしています。,我正在學習關於ペ的內容。,N2|noun,,teacher_agent,0.7
V0336,挟まって,ージに,いる,noun,N2,挟まってについて勉強しています。,ージにについてべんきょうしています。,我正在學習關於いる的內容。,N2|noun,,teacher_agent,0.8
V0337,,のを,→,other,N5,我找遍了⼿帳的每個⾓ 落，終於發現重要的收 據被夾在⾴⾯裡。,我找遍了⼿帳的每個⾓ 落，終於發現重要的收 據被夾在⾴⾯裡。,→,N5|other,我找遍了⼿帳的每個⾓ 落，終於發現重要的收 據被夾在⾴⾯裡。 栞（しおり）を  本（ほ ん）に  挟（はさ）む： 把書籤夾進書裡。,teacher_agent,0.82
V0338,,パンに,挟（は,other,N5,さ）む：在麵包裡夾⽕ 腿（做三明治）。,さ）む：在麵包裡夾⽕ 腿（做三明治）。,挟（は,N5|other,さ）む：在麵包裡夾⽕ 腿（做三明治）。 箸（はし）で  ⾖（ま め）を  挟（はさ）む： ⽤筷⼦夾⾖⼦。 すごす 過ごす 「度過（時間）」、 「過（節⽇、假 期）」、「⽣活（在某 種狀態下）」 週末（しゅうまつ）を 家族（かぞく）と  過 （す）ごす：和家⼈度 過週末。 夏休（なつやす）みを 海（うみ）で  過（す） ごす：在海邊度過暑 假。 ⼀⼈（ひとり）で  過 （す）ごす：獨⾃度 さぼる サボる 1. 翹課、曠⼯：偷懶 不去 2. 摸⿂、偷懶：⼯ 作不認真 今⽇は  学校を  サボり ました。 仕事を  サボって 遊戲,teacher_agent,0.92
V0339,,を,います。,other,N5,をについて勉強しています。,をについてべんきょうしています。,我正在學習關於います。的內容。,N5|other,,teacher_agent,0.88
V0340,⾏き先,いきさき,「⽬的地」、「去,noun,N4,向」、「前進的⽅向」 1. 物理上的⽬的地 確認する。,向」、「前進的⽅向」 1. 物理上的⽬的地 確認する。,「⽬的地」、「去,N4|noun,向」、「前進的⽅向」 1. 物理上的⽬的地 確認する。 → 確認公⾞ 的⽬的地 2. ⼈的去向,teacher_agent,0.83
V0341,⾏き先,の,は  誰（だ,noun,N4,⾏き先について勉強しています。,のについてべんきょうしています。,我正在學習關於は  誰（だ的內容。,N4|noun,,teacher_agent,0.79
V0342,知らない。,れ）も,→ 誰,noun,N2,知らない。について勉強しています。,れ）もについてべんきょうしています。,我正在學習關於→ 誰的內容。,N2|noun,都不知道他的去向。,teacher_agent,0.8
V0343,宛先,あてさき,「收件地址」、「收件,noun,N4,⼈資訊」 宛先を  書いて  くださ い。,⼈資訊」 宛先を  書いて  くださ い。,「收件地址」、「收件,N4|noun,⼈資訊」 宛先を  書いて  くださ い。 → 請寫下收件資訊,teacher_agent,0.83
V0344,仕舞います,しまいます,「收起、存放」、「結,noun,N2,仕舞いますについて勉強しています。,しまいますについてべんきょうしています。,我正在學習關於「收起的內容。,N2|noun,束、完結」 冬が  終わったので、コ,teacher_agent,0.8
V0345,隅々まで,ートを,綺麗,noun,N2,隅々までについて勉強しています。,ートをについてべんきょうしています。,我正在學習關於綺麗的內容。,N2|noun,,teacher_agent,0.8
V0346,,に,仕舞（いまし,other,N5,た。,た。,仕舞（いまし,N5|other,た。 → 冬天結束了，所 以我把外套的每個⾓落 都弄乾淨後收起來了 「把原本在外⾯使⽤的 東西，放回它應該待的 位置（收起來）」，或是 「結束某個動作」。 道具（どうぐ）を  仕舞 （しま）う：把⼯具收 起來。 お⾦（かね）を  財布 （さいふ）に  仕舞（し ま）う：把錢放進錢包 裡。 店（みせ）を  仕舞（し ま）う：收攤、結束營 業（今天的⼯作做完 了）。 〜てしまう  的陷阱 「〜てしまう」，這是⼀ 個⾮常容易搞混的點： 動詞（單獨使⽤）：仕舞,teacher_agent,0.92
V0347,,う,把東西收好。,other,N5,うについて勉強しています。,うについてべんきょうしています。,我正在學習關於把東西收好。的內容。,N5|other,てしまう →事情做完 了，或是發⽣了不⼩ ⼼、遺憾的事。 (吃完了  / 不⼩⼼吃掉 了。 ),teacher_agent,0.88
V0348,,ドライブ,「開⾞兜⾵」、「駕⾞,noun,N3,ドライブについて勉強しています。,ドライブについてべんきょうしています。,我正在學習關於「開⾞兜⾵」的內容。,N3|noun|外来語,旅遊」,teacher_agent,0.82
V0349,登⼭,とざん,登⼭,noun,N4,登⼭について勉強しています。,とざんについてべんきょうしています。,我正在學習關於登⼭的內容。,N4|noun,天気が  いいので、海ま,teacher_agent,0.79
V0350,,で,⾏きた,other,N5,很好，所以我想開⾞去 海邊兜⾵。,很好，所以我想開⾞去 海邊兜⾵。,⾏きた,N5|other,很好，所以我想開⾞去 海邊兜⾵。 1. 以「玩樂」為⽬的的 駕駛 如果是為了⼯作開⾞， 通常說「運転（うんて ん）」；如果是為了散 ⼼、約會，就會⽤「ド ライブ」。,teacher_agent,0.92
V0351,宿泊,しゅくはく,「住宿」、「投宿」、,noun,N4,「在旅店過夜」 今回の  旅⾏では、海の 近くの  旅館に  宿泊す る  予定です。,「在旅店過夜」 今回の  旅⾏では、海の 近くの  旅館に  宿泊す る  予定です。,「住宿」、「投宿」、,N4|noun,「在旅店過夜」 今回の  旅⾏では、海の 近くの  旅館に  宿泊す る  予定です。,teacher_agent,0.83
V0352,外⾷,がいしょく,外⾷,noun,N4,外⾷について勉強しています。,がいしょくについてべんきょうしています。,我正在學習關於外⾷的內容。,N4|noun,,teacher_agent,0.79
V0353,演奏,えんそう,演奏,noun,N4,演奏について勉強しています。,えんそうについてべんきょうしています。,我正在學習關於演奏的內容。,N4|noun,,teacher_agent,0.79
V0354,握⼿,あくしゅ,握⼿,noun,N4,おさめる 納める 「繳納（稅⾦、學 費）」 「供應（貨物）」 「收納（放回原 位）」 「結束」 期限（きげん）までに 税⾦（ぜいきん）を  納 めなければ  なりませ ん。,おさめる 納める 「繳納（稅⾦、學 費）」 「供應（貨物）」 「收納（放回原 位）」 「結束」 期限（きげん）までに 税⾦（ぜいきん）を  納 めなければ  なりませ ん。,握⼿,N4|noun,おさめる 納める 「繳納（稅⾦、學 費）」 「供應（貨物）」 「收納（放回原 位）」 「結束」 期限（きげん）までに 税⾦（ぜいきん）を  納 めなければ  なりませ ん。 →  必須在期限之 前繳納稅⾦ 1. 履⾏社會義務（最常 ⽤） 是⼀個⼈作為社會⼀份 ⼦，必須「繳回」國家 的東西。 税⾦（ぜいきん）を  納 （おさ）める：繳稅。 授業料（じゅぎょうり ょう）を  納（おさ）め る：繳學費。 2. 商業上的交貨指將商 品交給買⽅或特定的機 構。 注⽂（ちゅうもん）の 品（しな）を  納（お さ）める：交貨（交付 訂購的物品）。 3. 收納與結束這個⽤法 和「仕舞う」有點像， 但「納める」多了⼀種 「正式收藏」或「完美 結束」的莊重感。 成功（せいこう）を  納 （おさ）める：取得成 功（把成功納⼊掌中）。 仕事（しごと）を  納 （おさ）める：結束⼀ 年的⼯作（如「仕事納 め」）。 わりこむ 割り込む 「插隊」 「插嘴」 「強⾏進⼊」 「擠進去」 列（れつ）に  割り込む のは、とても  失礼な ⾏為（こうい）です。 ⾏為。 1. 物理上的插隊最常⽤ 在排隊或交通流量中。 列（れつ）に  割り込 む：插隊。 前（まえ）の  ⾞（くる ま）の  間（あいだ）に 割り込む：超⾞鑽進前 ⾞的間隙。 2. 對話的插斷當別⼈在 講話時，突然加⼊⾃⼰ 的意⾒。 話（はなし）に  割り込 む：插嘴。 つめこむ 詰め込む 「塞進去」 「填滿」 「擠進」 「死記硬背」 今⽇は  予定を  詰め込,teacher_agent,0.83
V0355,すぎて、休む,み,時間,noun,N2,排得太滿了，完全沒有 休息的時間。,排得太滿了，完全沒有 休息的時間。,時間,N2|noun,排得太滿了，完全沒有 休息的時間。 1. 物理上的塞滿 形容把⾏李、貨物或是 ⼈，塞進箱⼦或空間 裡。 るい）を  詰め込む。 （把⾐服塞進包包 裡。） 2. 知識的灌輸（死記） 形容在短時間內，將⼤ 量的資訊強⾏塞進腦袋 裡。 前（まえ）に  知識（ち しき）を  詰め込む。 （考試前死記硬背知 識。）,teacher_agent,0.85
V0356,落ち込む,おちこむ,沮喪 / 情緒低落,noun,N2,落ち込むについて勉強しています。,おちこむについてべんきょうしています。,我正在學習關於沮喪 / 情緒低落的內容。,N2|noun,,teacher_agent,0.8
V0357,,じっとする,保持不動 / 安靜不動,verb,N4,私は毎日じっとする。,わたしはまいにちじっとする。,我每天保持不動 / 安靜不動。,N4|verb,,teacher_agent,0.79
V0358,,いらいら,著急 / 焦躁,other,N4,いらいらについて勉強しています。,いらいらについてべんきょうしています。,我正在學習關於著急 / 焦躁的內容。,N4|other,,teacher_agent,0.79
V0359,,レンタル,「租賃」、「租⽤（付,noun,N3,レンタルについて勉強しています。,レンタルについてべんきょうしています。,我正在學習關於「租賃」的內容。,N3|noun|外来語,費的）」 ⾏き先（いきさき）が 遠い  ので、現地（げん,teacher_agent,0.82
V0360,⾃転⾞を,ち）で,レン,noun,N2,⾃転⾞をについて勉強しています。,ち）でについてべんきょうしています。,我正在學習關於レン的內容。,N2|noun,,teacher_agent,0.8
V0361,,タル,予定です。,noun,N5,預計在當地租腳踏⾞ 常⽤搭配： レンタルショップ：租 借店（如租⾞、租 DVD ）。,預計在當地租腳踏⾞ 常⽤搭配： レンタルショップ：租 借店（如租⾞、租 DVD ）。,予定です。,N5|noun|外来語,預計在當地租腳踏⾞ 常⽤搭配： レンタルショップ：租 借店（如租⾞、租 DVD ）。 レンタルカー（レンタ カー）：出租汽⾞。 レンタル  Wi-Fi：租借 式  Wi-Fi 。,teacher_agent,0.92
V0362,消費,しょうひ,消費,noun,N4,消費について勉強しています。,しょうひについてべんきょうしています。,我正在學習關於消費的內容。,N4|noun,,teacher_agent,0.79
V0363,交換,こうかん,交換,noun,N4,交換について勉強しています。,こうかんについてべんきょうしています。,我正在學習關於交換的內容。,N4|noun,,teacher_agent,0.79
V0364,,ストップ,「停⽌」、「中⽌」、,noun,N3,ストップについて勉強しています。,ストップについてべんきょうしています。,我正在學習關於「停⽌」的內容。,N3|noun|外来語,「攔阻」 ⾷べ過ぎは  健康に  良 くないので、ここで  ス,teacher_agent,0.82
V0365,,トップ,おきま,noun,N5,す。,す。,おきま,N5|noun|外来語,す。 →  因為吃太多對 健康不好，所以我在這 裡就先停住了 〜ておきます：「事先 做好（某種準備 / 狀 態）」 常⽤搭配： ストップを  かける：阻 ⽌某事進⾏（踩煞⾞）。 ストップウォッチ：碼 表（計時器）。 ノンストップ：直達、 不停。,teacher_agent,0.92
V0366,飲⾷,いんしょく,飲⾷,noun,N4,飲⾷について勉強しています。,いんしょくについてべんきょうしています。,我正在學習關於飲⾷的內容。,N4|noun,,teacher_agent,0.79
V0367,試⾷,ししょく,試⾷,noun,N4,試⾷について勉強しています。,ししょくについてべんきょうしています。,我正在學習關於試⾷的內容。,N4|noun,,teacher_agent,0.79
V0368,冷凍,れいとう,冷凍,noun,N4,冷凍について勉強しています。,れいとうについてべんきょうしています。,我正在學習關於冷凍的內容。,N4|noun,鮮膜」 御飯（ごはん）を  炊,teacher_agent,0.79
V0369,,（た）き,んで,other,N4,す。,す。,んで,N4|other,す。だから、⼀⾷分 （いっしょくぶん）ず つ）んで  仕舞（しま）,teacher_agent,0.83
V0370,,いました,因為飯煮,other,N4,太多了。,太多了。,因為飯煮,N4|other,太多了。所以我⼀份⼀ 份地⽤保鮮膜包起來收 好了 アクセス ー 「交通便利度」、「進 ⼊ / 存取（網路）」、 「連結」 ⾏き先を  決める  時、,teacher_agent,0.83
V0371,,アクセス,良さを  第,noun,N3,決定 ⽬的地時，我會⾸要考 慮交通的便利性 常⽤搭配： アクセスがいい：交通 很⽅便。,決定 ⽬的地時，我會⾸要考 慮交通的便利性 常⽤搭配： アクセスがいい：交通 很⽅便。,良さを  第,N3|noun|外来語,⼀に  考えます →  決定 ⽬的地時，我會⾸要考 慮交通的便利性 常⽤搭配： アクセスがいい：交通 很⽅便。 アクセスが悪い：交通 很不⽅便（偏僻）。 サイトにアクセスす る：進⼊網站。,teacher_agent,0.86
V0372,停電,ていでん,停電,noun,N4,停電について勉強しています。,ていでんについてべんきょうしています。,我正在學習關於停電的內容。,N4|noun,,teacher_agent,0.79
V0373,労働,ろうどう,「勞動」、「⼯作」、,noun,N4,労働について勉強しています。,ろうどうについてべんきょうしています。,我正在學習關於「勞動」的內容。,N4|noun,「勞務」 法律（ほうりつ）で 決められた  労働時間を 守らなければ  なりませ,teacher_agent,0.79
V0374,,ん,必須遵守法律,other,N5,規定的勞動時間 常⽤搭配： 労働時間（ろうどうじ かん）：勞動時間。,規定的勞動時間 常⽤搭配： 労働時間（ろうどうじ かん）：勞動時間。,必須遵守法律,N5|other,規定的勞動時間 常⽤搭配： 労働時間（ろうどうじ かん）：勞動時間。 労働者（ろうどうし ゃ）：勞動者（受雇的 ⼈）。 重労働（じゅうろうど う）：重體⼒勞動。,teacher_agent,0.92
V0375,徹夜,てつや,「熬通宵」、「徹夜」,noun,N4,徹夜について勉強しています。,てつやについてべんきょうしています。,我正在學習關於「熬通宵」的內容。,N4|noun,,teacher_agent,0.79
V0376,仕事が,あまりに,多い,noun,N4,ので、昨⽇は  徹夜に なって  しまいました 了，昨天結果變成了通 宵 常⽤⽤法： 徹夜する：熬通宵（動 詞化）。,ので、昨⽇は  徹夜に なって  しまいました 了，昨天結果變成了通 宵 常⽤⽤法： 徹夜する：熬通宵（動 詞化）。,多い,N4|noun,ので、昨⽇は  徹夜に なって  しまいました 了，昨天結果變成了通 宵 常⽤⽤法： 徹夜する：熬通宵（動 詞化）。 徹夜で  勉強する：徹夜 讀書。 徹夜明け（あけ）：熬夜 剛結束的隔天早上。,teacher_agent,0.83
V0377,⾏動,こうどう,⾏動,noun,N4,⾏動について勉強しています。,こうどうについてべんきょうしています。,我正在學習關於⾏動的內容。,N4|noun,,teacher_agent,0.79
V0378,訪問,ほうもん,「訪問」、「拜訪」、,noun,N4,訪問について勉強しています。,ほうもんについてべんきょうしています。,我正在學習關於「訪問」的內容。,N4|noun,「參觀（正式）」 今回の  旅⾏で、⽇本の ⼤学を  訪問する  こと 這次的旅⾏中，決定要 去訪問⽇本的⼤學,teacher_agent,0.79
V0379,役⽬,やくめ,「職責」、「任務」、,noun,N4,役⽬について勉強しています。,やくめについてべんきょうしています。,我正在學習關於「職責」的內容。,N4|noun,「作⽤」、「本分」 私の  役⽬は、お客様を 安全に  ⾏き先（いきさ,teacher_agent,0.79
V0380,送る,き）まで,ことで,noun,N4,全地將顧客送往⽬的地 常⽤⽤法： 役⽬を  果（は）たす： 履⾏職責、完成任務。,全地將顧客送往⽬的地 常⽤⽤法： 役⽬を  果（は）たす： 履⾏職責、完成任務。,ことで,N4|noun,全地將顧客送往⽬的地 常⽤⽤法： 役⽬を  果（は）たす： 履⾏職責、完成任務。 役⽬を  終（お）える： 完成使命（功成⾝退）。 きんむ 勤務 「勤務」、「執勤」、 「上班（指受僱狀 態）」 私の  勤務時間は、朝九 時から  ⼣⽅（ゆうが た）六時まで  です  → 我的執勤時間是從早上 九點到傍晚六點 常⽤搭配： 勤務（きんむ）時間 （じかん）：上班時間、 執勤時間。 勤務（きんむ）地 （ち）：⼯作地點。 夜間（やかん）勤務： ⼤夜班。,teacher_agent,0.83
V0381,,いきいき,活潑、⽣動,other,N4,いきいきについて勉強しています。,いきいきについてべんきょうしています。,我正在學習關於活潑的內容。,N4|other,,teacher_agent,0.79
V0382,,うとうと,迷迷糊糊、似睡⾮睡,other,N4,うとうとについて勉強しています。,うとうとについてべんきょうしています。,我正在學習關於迷迷糊糊的內容。,N4|other,,teacher_agent,0.79
V0383,引き受ける,ひきうける,承擔、承接、接受,verb,N2,私は毎日引き受ける。,わたしはまいにちひきうける。,我每天承擔。,N2|verb,來 なかなか ー 「怎麼也 …… 不」、 「遲遲不 …… 」、 「頗、相當、很」,teacher_agent,0.8
V0384,,バス,なかなか  来,noun,N5,（こ）ない。,（こ）ない。,なかなか  来,N5|noun|外来語,（こ）ない。 →公⾞怎 麼也不來。 この  料理（りょうり）,teacher_agent,0.92
V0385,,は,美味（お,other,N5,はについて勉強しています。,はについてべんきょうしています。,我正在學習關於美味（お的內容。,N5|other,,teacher_agent,0.88
V0386,,いしい）い,→,i_adjective,N4,今日はいしい）い。,きょうはいしい）い。,今天很→。,N4|i_adjective,這道料理相當好吃。 否定形 ] 詞 / 副詞 ],teacher_agent,0.69
V0387,配達,はいたつ,「送貨」、「配送（實,noun,N4,配達について勉強しています。,はいたつについてべんきょうしています。,我正在學習關於「送貨」的內容。,N4|noun,體物品）」 使⽤範圍：指郵差送報 紙、快遞送包裹、外送 員送餐點等看得⾒、摸 得著的實體物。,teacher_agent,0.79
V0388,応募,おうぼ,「應徵」、「報名」、,noun,N4,「投考」 1. 找⼯作 這是最常⾒的場合。,「投考」 1. 找⼯作 這是最常⾒的場合。,「應徵」、「報名」、,N4|noun,「投考」 1. 找⼯作 這是最常⾒的場合。看 到徵⼈廣告後投遞履 歷。 仕事（しごと）に  応募 しました。（應徵了新的 ⼯作。） 2. 參加活動或 抽獎例：プレゼント  企 画（きかく）に  応募 す る。（報名參加贈獎企 劃。）,teacher_agent,0.83
V0389,報告,ほうこく,「報告」、「匯報」,noun,N4,報告について勉強しています。,ほうこくについてべんきょうしています。,我正在學習關於「報告」的內容。,N4|noun,今⽇の勤務内容を報告,teacher_agent,0.79
V0390,,します,要報告今天,other,N5,しますについて勉強しています。,しますについてべんきょうしています。,我正在學習關於要報告今天的內容。,N5|other,的執勤內容。,teacher_agent,0.88
V0391,送信,そうしん,「發送（電⼦訊息）」,noun,N4,送信について勉強しています。,そうしんについてべんきょうしています。,我正在學習關於「發送（電⼦訊息）」的內容。,N4|noun,使⽤範圍：專指 Email 、簡訊、通訊軟體 （如  Line 、 Messenger ）或傳真等 數位資訊的傳遞。,teacher_agent,0.79
V0392,実⽤的,じつようてき,実⽤的,na_adjective,N4,この辺りは実⽤的です。,このへんりはじつようてきです。,這一帶很実⽤的。,N4|na_adjective,,teacher_agent,0.79
V0393,指導,しどう,指導,noun,N4,指導について勉強しています。,しどうについてべんきょうしています。,我正在學習關於指導的內容。,N4|noun,,teacher_agent,0.79
V0394,命令,めいれい,命令,noun,N4,命令について勉強しています。,めいれいについてべんきょうしています。,我正在學習關於命令的內容。,N4|noun,,teacher_agent,0.79
V0395,指⽰,しじ,指⽰,noun,N4,指⽰について勉強しています。,しじについてべんきょうしています。,我正在學習關於指⽰的內容。,N4|noun,,teacher_agent,0.79
V0396,要求,ようきゅう,要求,noun,N4,要求について勉強しています。,ようきゅうについてべんきょうしています。,我正在學習關於要求的內容。,N4|noun,,teacher_agent,0.79
V0397,歓迎,かんげい,歓迎,noun,N4,歓迎について勉強しています。,かんげいについてべんきょうしています。,我正在學習關於歓迎的內容。,N4|noun,,teacher_agent,0.79
V0398,抵抗,ていこう,抵抗,noun,N4,抵抗について勉強しています。,ていこうについてべんきょうしています。,我正在學習關於抵抗的內容。,N4|noun,もんく ⽂句 けち,teacher_agent,0.79
V0399,喧嘩,けんか,「吵架」、「打架」、,noun,N4,喧嘩について勉強しています。,けんかについてべんきょうしています。,我正在學習關於「吵架」的內容。,N4|noun,「爭執」 公園で  ⼦供が  けんか,teacher_agent,0.79
V0400,,して,→  ⼩孩,other,N5,ケンカ 這個詞涵蓋了從「⼝⾓ ⼦正在公園裡吵架。,ケンカ 這個詞涵蓋了從「⼝⾓ ⼦正在公園裡吵架。,→  ⼩孩,N5|other,ケンカ 這個詞涵蓋了從「⼝⾓ ⼦正在公園裡吵架。 爭執」到「肢體衝突」 的所有範疇。,teacher_agent,0.92
V0401,沿う,そう,沿著 道に 沿う。 → 沿著路,noun,N4,⾛。,⾛。,沿著 道に 沿う。 → 沿著路,N4|noun,⾛。 動作順著某個物理邊緣 或既定路線移動。 語境：常體。在正式公 ⽂中也常⽤於「符合 （期待 / ⽅針）」。 う。 →  遵守規則 ⽤於規則、法律或他⼈ 的指⽰。 危險。 「隨著  A 發⽣， B 也跟 著發⽣」（例如隨著年齡 增⻑ …… ）。 依靠朋友。 強調尋求幫助或依賴某 ⼈。,teacher_agent,0.83
V0402,納品,のうひん,「交貨」、「交付成,noun,N4,納品について勉強しています。,のうひんについてべんきょうしています。,我正在學習關於「交貨」的內容。,N4|noun,品」,teacher_agent,0.79
V0403,競う,きそう,「競爭」、「爭先」、,noun,N4,「⽐賽」 ⼆つの  会社が  技術を 競って  います。,「⽐賽」 ⼆つの  会社が  技術を 競って  います。,「競爭」、「爭先」、,N4|noun,「⽐賽」 ⼆つの  会社が  技術を 競って  います。 →  兩 家公司正在競爭技術。 あらそう 争う 「爭奪」、「爭吵」、 「⾾爭」、「競爭（帶 有對抗性）」 ⼆つの  国が  ⼟地（と,teacher_agent,0.83
V0404,争って,ち）を,いま,noun,N4,す。,す。,いま,N4|noun,す。 →  兩個國家正在 爭奪⼟地。 ねらう 狙う 「瞄準」、「伺機」、 「企圖」、「追求（⽬ 標）」 的（まと）を  狙って ⽮（や）を  放（はな）,teacher_agent,0.83
V0405,,した,瞄準靶⼼後放出,other,N5,したについて勉強しています。,したについてべんきょうしています。,我正在學習關於瞄準靶⼼後放出的內容。,N5|other,了箭。,teacher_agent,0.88
V0406,,そっくり,「⼀模⼀樣」、「極其,other,N4,そっくりについて勉強しています。,そっくりについてべんきょうしています。,我正在學習關於「⼀模⼀樣」的內容。,N4|other,相似」 彼は  お⽗さん  に  そっ,teacher_agent,0.79
V0407,,くり,→  他跟他,other,N5,くりについて勉強しています。,くりについてべんきょうしています。,我正在學習關於→  他跟他的內容。,N5|other,的⽗親⻑得⼀模⼀樣 呢。,teacher_agent,0.88
V0408,分類,ぶんるい,分類,noun,N4,分類について勉強しています。,ぶんるいについてべんきょうしています。,我正在學習關於分類的內容。,N4|noun,,teacher_agent,0.79
V0409,湖,みずうみ,湖,noun,N4,湖について勉強しています。,みずうみについてべんきょうしています。,我正在學習關於湖的內容。,N4|noun,,teacher_agent,0.69
V0410,表す,あらわす,表⽰,noun,N4,しきゅう ⽀給 「發給」、「撥給」、 「⽀給」（通常指薪 資、津貼、備品 等）。,しきゅう ⽀給 「發給」、「撥給」、 「⽀給」（通常指薪 資、津貼、備品 等）。,表⽰,N4|noun,しきゅう ⽀給 「發給」、「撥給」、 「⽀給」（通常指薪 資、津貼、備品 等）。 交通費  は  全額（ぜん,teacher_agent,0.83
V0411,⽀給,がく）,されま,noun,N4,す。,す。,されま,N4|noun,す。 → 交通費會全額發 給 / 補貼,teacher_agent,0.83
V0412,朝⾷,ちょうしょく,早餐,noun,N4,朝⾷について勉強しています。,ちょうしょくについてべんきょうしています。,我正在學習關於早餐的內容。,N4|noun,,teacher_agent,0.79
V0413,平均,へいきん,平均,noun,N4,平均について勉強しています。,へいきんについてべんきょうしています。,我正在學習關於平均的內容。,N4|noun,,teacher_agent,0.79
V0414,,ほす,「晾曬」、「曬乾」、,other,N5,「烘乾」。,「烘乾」。,「晾曬」、「曬乾」、,N5|other,「烘乾」。 洗濯物（せんたくも,teacher_agent,0.92
V0415,,ベランダ,に  ⼲,noun,N3,（ほ）しました。,（ほ）しました。,に  ⼲,N3|noun|外来語,（ほ）しました。 → 把 洗好的⾐服晾在陽台 了。,teacher_agent,0.86
V0416,⾷器,しょっき,餐具,noun,N4,⾷器について勉強しています。,しょっきについてべんきょうしています。,我正在學習關於餐具的內容。,N4|noun,,teacher_agent,0.79
V0417,応⽤,おうよう,「應⽤」、「活學活,noun,N4,応⽤について勉強しています。,おうようについてべんきょうしています。,我正在學習關於「應⽤」的內容。,N4|noun,⽤」 基本（きほん）  を  学 （まな）んでから、応 ⽤問題（  に  挑戦（ち,teacher_agent,0.79
V0418,,ょうせん）,→,other,N4,ょうせん）について勉強しています。,ょうせん）についてべんきょうしています。,我正在學習關於→的內容。,N4|other,學完基礎後，我要挑戰 應⽤題。,teacher_agent,0.69
V0419,広告,こうこく,廣告,noun,N4,広告について勉強しています。,こうこくについてべんきょうしています。,我正在學習關於廣告的內容。,N4|noun,,teacher_agent,0.79
V0420,商業,しょうぎょう,商業,noun,N4,商業について勉強しています。,しょうぎょうについてべんきょうしています。,我正在學習關於商業的內容。,N4|noun,,teacher_agent,0.79
V0421,⼤会,たいかい,⼤会,noun,N4,⼤会について勉強しています。,たいかいについてべんきょうしています。,我正在學習關於⼤会的內容。,N4|noun,,teacher_agent,0.79
V0422,厚い,あつい,厚的,i_adjective,N4,よこ 横 「旁邊」、「鄰側」： 指物體的左右兩側。,よこ 横 「旁邊」、「鄰側」： 指物體的左右兩側。,厚的,N4|i_adjective,よこ 横 「旁邊」、「鄰側」： 指物體的左右兩側。 「橫向」：指⽔平的 ⽅向（與「縱（たて / Tate ）」相對）。 「躺下」：指⾝體呈 ⽔平姿勢。 銀⾏の  横に  コンビニ 旁邊有⼀家便利商店。,teacher_agent,0.83
V0423,横に,ちょっと,なる。,noun,N4,下。,下。,なる。,N4|noun,下。 あさい 浅い 「淺的」：指⽔的深 度（與「深い  」相 對）。 「淺⾊的」：指⾊彩 的濃淡。 「膚淺的、資歷淺 的」：指知識、經驗 或關係不深。 「短暫的、表⾯ 的」：如「淺眠（眠 りが浅い）」。,teacher_agent,0.83
V0424,川は,この,浅い  ですか,noun,N4,ら、⼦ども  でも  遊べ ます。,ら、⼦ども  でも  遊べ ます。,浅い  ですか,N4|noun,ら、⼦ども  でも  遊べ ます。 → 這條河很淺， 所以⼩孩也可以玩耍。,teacher_agent,0.83
V0425,⽇本語,まだ,の  経験  が,noun,N4,浅い。,浅い。,の  経験  が,N4|noun,浅い。 → 學習⽇⽂的經 驗還很淺 / 資歷尚淺 昨⽇（きのう）  は  眠,teacher_agent,0.83
V0426,,（ねむ）り,浅（あ,other,N4,さ）かった。,さ）かった。,浅（あ,N4|other,さ）かった。 → 昨天睡 得很淺。,teacher_agent,0.83
V0427,区別,くべつ,「區別」、「辨別」、,noun,N4,区別について勉強しています。,くべつについてべんきょうしています。,我正在學習關於「區別」的內容。,N4|noun,「區分」 似ている  語法（ごほ,teacher_agent,0.79
V0428,,う）,違いを  正しく,other,N5,区別  します。,区別  します。,違いを  正しく,N5|other,区別  します。 → 正確地 區別相似語法之間的差 異 彼は  公（おおやけ）と 私（わたくし）を  きち,teacher_agent,0.92
V0429,区別,んと,している。,noun,N4,区別について勉強しています。,んとについてべんきょうしています。,我正在學習關於している。的內容。,N4|noun,得很清楚 「⼤失所望」,teacher_agent,0.79
V0430,,テスト,結果（けっ,noun,N5,テストについて勉強しています。,テストについてべんきょうしています。,我正在學習關於結果（けっ的內容。,N5|noun|外来語,か）が  悪くて、がっか,teacher_agent,0.88
V0431,,り,→ 考試結,other,N5,果很糟糕，讓我感到⾮ 常失望 / 沮喪 彼の  態度（たいど）に がっかり  させられた。,果很糟糕，讓我感到⾮ 常失望 / 沮喪 彼の  態度（たいど）に がっかり  させられた。,→ 考試結,N5|other,果很糟糕，讓我感到⾮ 常失望 / 沮喪 彼の  態度（たいど）に がっかり  させられた。 它最常與動詞  「する」 結合，變成  「がっかり する（感到失望）」 或 「がっかり  させる（讓 某⼈失望）」。 しっかり ー 「好好地」、「振 作」、「結實 / 牢固」、 「可靠 / 懂事」 1. ⿎勵或命令：打起精 神、振作起來,teacher_agent,0.92
V0432,,しっかり,→,other,N4,振作⼀點！ 2. 形容⼈的性格：可 靠、成熟、懂事 彼の  お⼦（こ）さん は、まだ  ⼩（ちい）さ いる。,振作⼀點！ 2. 形容⼈的性格：可 靠、成熟、懂事 彼の  お⼦（こ）さん は、まだ  ⼩（ちい）さ いる。,→,N4|other,振作⼀點！ 2. 形容⼈的性格：可 靠、成熟、懂事 彼の  お⼦（こ）さん は、まだ  ⼩（ちい）さ いる。 → 他的孩⼦雖然 還⼩，但⾮常懂事 / 成 熟可靠。 3. 形容物理狀態：牢 固、結實、有彈性,teacher_agent,0.73
V0433,建物の,この,基礎（き,noun,N4,建物のについて勉強しています。,このについてべんきょうしています。,我正在學習關於基礎（き的內容。,N4|noun,,teacher_agent,0.79
V0434,,そ）は,作ら,other,N5,れている。,れている。,作ら,N5|other,れている。 → 這棟建築 物的地基建造得⾮常牢 固。 4. 形容動作的程度：充 分地、徹底地 ⾵邪を  引いた  とき は、しっかり  休む  こ,teacher_agent,0.92
V0435,⼤切だ。,とが,→ 感冒的,noun,N2,⼤切だ。について勉強しています。,とがについてべんきょうしています。,我正在學習關於→ 感冒的的內容。,N2|noun,時候，充分地休息是很 重要的 きちんと ー 「好好地」、「端正 地」、「準時地」、「規 規矩矩地」 本を  本棚に  きちんと 整理  しました → 把書本 好好地 / 整整⿑⿑地整 理到書架上了 賽、競爭、戰⾾ 與敵⽅或對⼿進⾏實⼒ 上的較量： 次の  試合（しあい） で、強豪（きょうご,teacher_agent,0.8
V0436,,う）チーム,戦（た,other,N4,たか）います。,たか）います。,戦（た,N4|other,たか）います。 → 在下 ⼀場⽐賽中，我們將與 強敵隊伍⼀決雌雄 2. ⽣理與⽣活觀測：與 病魔或困境對抗 形容意志堅定地去克服 痛苦的狀態： 彼は  今（いま）、重い 病気（びょうき）と  戦 （たたか）っている。 強對抗 3. ⼼理觀測：內⼼的糾 結與掙扎 當你在兩個選擇中猶豫 不決，或是在對抗⾃⼰ 的⽣理本能（如：睡 意）時： 毎⽇、強い  眠気（ねむ け）と  戦（たたか）っ ています。 → 我每天都 在跟強烈的睡意搏⾾,teacher_agent,0.83
V0437,防ぐ,ふせぐ,「防禦」、「防⽌」、,noun,N4,「預防」 1. 資訊與系統觀測：防 ⽌  Bug 或資安攻擊 （丁寧語  / 禮貌體） 在軟體⼯程中，⽤來形 容防⽌資料外洩或錯誤 發⽣： 最新（さいしん）の  セ キュリティ  システム で、ハッカー  の  攻撃 （こうげい）を  防ぎま す。,「預防」 1. 資訊與系統觀測：防 ⽌  Bug 或資安攻擊 （丁寧語  / 禮貌體） 在軟體⼯程中，⽤來形 容防⽌資料外洩或錯誤 發⽣： 最新（さいしん）の  セ キュリティ  システム で、ハッカー  の  攻撃 （こうげい）を  防ぎま す。,「防禦」、「防⽌」、,N4|noun,「預防」 1. 資訊與系統觀測：防 ⽌  Bug 或資安攻擊 （丁寧語  / 禮貌體） 在軟體⼯程中，⽤來形 容防⽌資料外洩或錯誤 發⽣： 最新（さいしん）の  セ キュリティ  システム で、ハッカー  の  攻撃 （こうげい）を  防ぎま す。 → 透過最新的安全 系統，來防範駭客的攻 擊 2. ⽣理與⽣活觀測：預 防疾病或感冒 毎⽇  ⼿を  洗う  こと は、⾵を  防ぐ  ために ⼤切だ。 → 每天洗⼿對 於預防感冒來說是⾮常 重要的 3. 社會與災害觀測：防 範交通事故或天災 事故（じこ）を  未然,teacher_agent,0.83
V0438,防ぐ。,（みぜん）に,→,noun,N4,防ぐ。について勉強しています。,（みぜん）にについてべんきょうしています。,我正在學習關於→的內容。,N4|noun,將事故防範於未然,teacher_agent,0.69
V0439,避ける,さける,「避開」、「躲避」、,verb,N4,「避免」 1. 物理觀測：避開實體 ⾞輛、⼈或⾃然現象 （丁寧語  / 禮貌體） ⾞を  避けて  歩きま す。,「避免」 1. 物理觀測：避開實體 ⾞輛、⼈或⾃然現象 （丁寧語  / 禮貌體） ⾞を  避けて  歩きま す。,「避開」、「躲避」、,N4|verb,「避免」 1. 物理觀測：避開實體 ⾞輛、⼈或⾃然現象 （丁寧語  / 禮貌體） ⾞を  避けて  歩きま す。 → 避開⾞輛往前⾛ 2. 抽象觀測：避免衝 突、問題或特定話題 在成熟的⼈際關係與職 場中，刻意繞開會帶來 ⿇煩的焦點：,teacher_agent,0.83
V0440,,トラブル,避ける  た,noun,N3,めに、きちんと  話し合 う。,めに、きちんと  話し合 う。,避ける  た,N3|noun|外来語,めに、きちんと  話し合 う。 → 為了避免糾紛 / ⿇煩，好好地進⾏溝通 あたる 当たる ⾃動詞（主體⾃然發 ⽣或中彈） 「碰觸到了、撞上 了、中獎了」 宝くじが当たる。 → 樂 透中獎了！ 🎉 來 予⾔が当たる。 → 預⾔ 成真 開発に当たる → 擔任開 發⼯作 助詞搭配：[名詞 ] が  当 たる（某物中獎 / 撞上） [名詞 ] に  当たる（撞到 某物、迎向某物）。 核⼼含義： 中獎、猜中：如樂透中 獎、預測成真。 碰撞、照射：如陽光照 在⾝上、球打到頭。 擔任、應對：如輪到某 ⼈值班（職責落到頭 上）。 あてる 当てる 他動詞（⼈為主動去 碰、去瞄準） 說話者「主動把  A 東西拿去碰  B 東 西」，或者是「⼈主 動去猜中某個答案」 宝くじを当てる。 → 把 樂透給贏到⼿ / 中獎。 強調⼈的強運或⼿段 額に⼿を当てる → 把⼿ 貼在額頭上測體溫 答えを当てる →主動猜 中答案 予算を開発に当てる。 到開發上 助詞搭配：[名詞 ] を  当 てる（去猜中某事、把 某物貼上去）。 核⼼含義： 使碰撞、貼上：如把⼿ 貼在額頭上。 主觀猜中：如猜謎語、 猜中犯⼈。 分配、指派：如把預算 撥給某個專案。,teacher_agent,0.86
V0441,,ささえる,「⽀撐」、「⽀持」或,verb,N4,私は毎日ささえる。,わたしはまいにちささえる。,我每天「⽀撐」。,N4|verb,「扶持」 1. 物理觀測：⽀撐重物 或建築物（丁寧語  / 禮 貌體）,teacher_agent,0.79
V0442,太（ふと）い,この,柱,i_adjective,N2,（はしら）が、建物 （たてもの）  全体（ぜ んたい）を  ⽀えていま す。,（はしら）が、建物 （たてもの）  全体（ぜ んたい）を  ⽀えていま す。,柱,N2|i_adjective,（はしら）が、建物 （たてもの）  全体（ぜ んたい）を  ⽀えていま す。 → 這根粗⼤的柱⼦ ⽀撐著整棟建築物 2. 情感與⼈際觀測：扶 持家⼈、朋友或伴侶 在對⽅脆弱、痛苦或⾯ 臨挑戰時，成為對⽅的 後盾： 苦（くる）しい  とき、 家族が  私を  ⽀えて  く れました。 → 在我痛苦 艱難的時候，家⼈⽀ 撐 / 扶持了我 3. 社會與職場觀測：⽀ 撐整個團隊或經濟 形容某個核⼼⼈物或中 流砥柱的⾓⾊： 彼は  トップエンジニア として、チーム  を  ⽀ えている。 → 他作為頂 尖⼯程師，⽀撐著整個 團隊,teacher_agent,0.75
V0443,企画,きかく,企画,noun,N4,企画について勉強しています。,きかくについてべんきょうしています。,我正在學習關於企画的內容。,N4|noun,,teacher_agent,0.79
V0444,拾う,ひろう,檢,noun,N4,拾うについて勉強しています。,ひろうについてべんきょうしています。,我正在學習關於檢的內容。,N4|noun,,teacher_agent,0.69
V0445,,にこにこ,「笑瞇瞇地」、「微笑,other,N4,にこにこについて勉強しています。,にこにこについてべんきょうしています。,我正在學習關於「笑瞇瞇地」的內容。,N4|other,地」、「和藹可親地」 1. ⼈際關係觀測：形容 ⼀個⼈的表情（丁寧語 / 禮貌體） 觀測到⾝邊的⼈⼼情很 好的樣⼦： 彼⼥は  いつも  にこに こ  していて、みんな,teacher_agent,0.79
V0446,好かれています。,に,→,noun,N2,好かれています。について勉強しています。,にについてべんきょうしています。,我正在學習關於→的內容。,N2|noun,她總是笑瞇瞇的，很受 ⼤家的歡迎 2. 情緒釋放觀測：看到 好結果時的反應（常體 / ⼝語） 當歷經千⾟萬苦，最後 迎來美好的結局：,teacher_agent,0.7
V0447,ので、彼は,った,にこ,noun,N2,ので、彼はについて勉強しています。,ったについてべんきょうしています。,我正在學習關於にこ的內容。,N2|noun,,teacher_agent,0.8
V0448,,にこ,帰っ,other,N5,た。,た。,帰っ,N5|other,た。 → 因為考試結果很 好，他邊笑瞇瞇地邊回 家了 おどおど ー 「戰戰兢兢地」、「畏 畏縮縮地」、「驚慌失 措地」 1. 職場新⼿或犯錯時的 反應（丁寧語  / 禮貌 體） 觀測到新⼈在重要場合 過度緊張的模樣： ⾯接で  緊張して、おど,teacher_agent,0.92
V0449,,おど,しまいまし,other,N5,た。,た。,しまいまし,N5|other,た。 → 在⾯試時太緊張 了，表現得戰戰兢兢 / 畏畏縮縮的 2. ⼈際關係與性格特質 （常體  / ⼝語）,teacher_agent,0.92
V0450,,そんなに,す,other,N4,そんなにについて勉強しています。,そんなにについてべんきょうしています。,我正在學習關於す的內容。,N4|other,るな！しっかり  しろ！ 的！打起精神 / 振作⼀ 點！,teacher_agent,0.69
V0451,,くらくら,「頭暈⽬眩地」、「暈,other,N4,眩地」 1. ⽣理狀態觀測：發 燒、中暑或貧⾎（丁寧 語  / 禮貌體） 觀測到⾝體不舒服，站 不穩的狀態： ⾵邪で  熱が  ⾼くて、 頭が  くらくら  しま す。,眩地」 1. ⽣理狀態觀測：發 燒、中暑或貧⾎（丁寧 語  / 禮貌體） 觀測到⾝體不舒服，站 不穩的狀態： ⾵邪で  熱が  ⾼くて、 頭が  くらくら  しま す。,「頭暈⽬眩地」、「暈,N4|other,眩地」 1. ⽣理狀態觀測：發 燒、中暑或貧⾎（丁寧 語  / 禮貌體） 觀測到⾝體不舒服，站 不穩的狀態： ⾵邪で  熱が  ⾼くて、 頭が  くらくら  しま す。 → 因為感冒燒得很 厲害，頭暈⽬眩的 2. ⼼理或⼯作過載觀 測：⼤受打擊、過度疲 勞（常體  / ⼝語） 當⾯臨超出⼤腦負荷的 資訊量時： ⼀⽇中  パソコン  の  畫 ⾯（がめん）を  ⾒てい て、⽬ｚが  くらくら してきた。 → 盯了⼀整 天的電腦螢幕，眼睛都 開始發昏眼花了,teacher_agent,0.83
V0452,購⼊,こうにゅう,「購買」、「購⼊」、,noun,N4,購⼊について勉強しています。,こうにゅうについてべんきょうしています。,我正在學習關於「購買」的內容。,N4|noun,「買進」,teacher_agent,0.79
V0453,,チケット,オンライ,noun,N3,チケットについて勉強しています。,チケットについてべんきょうしています。,我正在學習關於オンライ的內容。,N3|noun|外来語,,teacher_agent,0.82
V0454,,ン,購⼊（こうにゅ,noun,N5,う）します。,う）します。,購⼊（こうにゅ,N5|noun|外来語,う）します。 → 在線上 購買⾨票 / 票券 新しい  パソコン  を  購 ⼊（こうにゅう）し た。 → 買了新的電腦,teacher_agent,0.92
V0455,中古,ちゅうこ,「⼆⼿（的）」、「中,noun,N4,中古について勉強しています。,ちゅうこについてべんきょうしています。,我正在學習關於「⼆⼿（的）」的內容。,N4|noun,古（的）」 中古（ちゅうこ）の  ゲ,teacher_agent,0.79
V0456,,ーム,買（か）っ,noun,N5,た。,た。,買（か）っ,N5|noun|外来語,た。 → 買了⼆⼿的遊戲,teacher_agent,0.92
V0457,,これ,中古（ちゅう,other,N5,こ）⾞（しゃ）  です か。,こ）⾞（しゃ）  です か。,中古（ちゅう,N5|other,こ）⾞（しゃ）  です か。 → 請問這是⼆⼿⾞ （中古⾞）嗎？,teacher_agent,0.92
V0458,腕前,うでまえ,「本領」、「實⼒」、,noun,N4,腕前について勉強しています。,うでまえについてべんきょうしています。,我正在學習關於「本領」的內容。,N4|noun,「⼿藝」、「技術」 彼（かれ）の  料理（り ょうり）の  腕前（うて まえ）は  素晴（すば）,teacher_agent,0.79
V0459,,らしい,→ 他的料,i_adjective,N5,今日はらしい。,きょうはらしい。,今天很→ 他的料。,N5|i_adjective,理⼿藝太精湛了 お前（まえ）の  腕前 （うでまえ）を  ⾒,teacher_agent,0.88
V0460,,（み）せて,→ 讓,other,N4,（み）せてについて勉強しています。,（み）せてについてべんきょうしています。,我正在學習關於→ 讓的內容。,N4|other,我看看你的本事吧！,teacher_agent,0.79
V0461,扱い,あつかい,「對待」、「處理」、,i_adjective,N4,今日は扱い。,きょうはあつかい。,今天很「對待」。,N4|i_adjective,「待遇」、「操縱（物 品 / 機器）」 この  機械（きかい） は、丁寧（ていねい）,teacher_agent,0.79
V0462,扱（あつか）い,な,が,i_adjective,N2,必要（ひつよう）で す。,必要（ひつよう）で す。,が,N2|i_adjective,必要（ひつよう）で す。 → 這台機器需要⼩ ⼼的處理 / 對待 ⼦供（こども）  扱（あ,teacher_agent,0.75
V0463,,つか）い,の,i_adjective,N4,は、嫌（いや）だ。,は、嫌（いや）だ。,の,N4|i_adjective,は、嫌（いや）だ。 → 被當成⼩孩⼦對待，真 的很討厭 そぶり 素振り 「（表現於外表的） 態度」、「神態」、「舉 ⽌」、「跡象」 彼は  彼⼥が  好きな  素 振（そぶ）り  を  まっ,teacher_agent,0.73
V0464,,たく,→ 他完,other,N5,全沒有表現出喜歡她的 神態 / 蛛絲⾺跡。,全沒有表現出喜歡她的 神態 / 蛛絲⾺跡。,→ 他完,N5|other,全沒有表現出喜歡她的 神態 / 蛛絲⾺跡。 鈴⽊（すずき）さん  は ⾟（つら）い  素振（そ,teacher_agent,0.92
V0465,,ぶ）り,⾒（み）せ,other,N5,ません。,ません。,⾒（み）せ,N5|other,ません。 → 鈴⽊先⽣ / ⼩姐完全不會露出痛苦 的神情。 しわざ 仕業 「（壞事或惡作劇） 搞的⿁」、「做的好 事」 誰（だれ）の  仕業（し わざ）だ？ → 是誰搞的 ⿁？  / 這是誰做的好 事？ 這（これ）は  彼（か れ）の  仕業（しわざ） です。 → 這是他搞的 ⿁。,teacher_agent,0.92
V0466,物語,ものがたり,「故事」、「傳說」、,noun,N4,這本書描繪了⼀個美麗 的故事 誰（だれ）にでも、⾃ 分（じぶん）の  物語 （ものがたり）が  あ る。,這本書描繪了⼀個美麗 的故事 誰（だれ）にでも、⾃ 分（じぶん）の  物語 （ものがたり）が  あ る。,「故事」、「傳說」、,N4|noun,「⼩說」、「敘事」 この  本（ほん）は、美 （うつく）しい  物語 （ものがたり）を  描 （えが）いています → 這本書描繪了⼀個美麗 的故事 誰（だれ）にでも、⾃ 分（じぶん）の  物語 （ものがたり）が  あ る。 → 不論是誰，都有 屬於⾃⼰的故事。,teacher_agent,0.83
V0467,⼼理,しんり,「⼼理」、「內⼼狀,noun,N4,態」 消費者（しょうひし ゃ）の  ⼼理（しんり） を  分析（ぶんせき）し ます。,態」 消費者（しょうひし ゃ）の  ⼼理（しんり） を  分析（ぶんせき）し ます。,「⼼理」、「內⼼狀,N4|noun,態」 消費者（しょうひし ゃ）の  ⼼理（しんり） を  分析（ぶんせき）し ます。 → 分析消費者的 ⼼理 ストレス  は、⼼理（し,teacher_agent,0.83
V0468,,んり）に,影響,other,N4,（えいきょう）を  与 （あた）える。,（えいきょう）を  与 （あた）える。,影響,N4|other,（えいきょう）を  与 （あた）える。 → 壓⼒ 會給⼼理帶來巨⼤的影 響 やぶる 破る 「撕破（紙張）」、 「打破（紀錄 / 沉 默）」、「違反（約定 / 規則）」、「擊敗（強 敵）」 ⼿紙（てがみ）を  破 （やぶ）る。 → 撕破信 件 約束（やくそく）を  破 （やぶ）りました。 → 違反了約定  / 爽約了。 ぬく 抜く 「拔出」、「抽離」、 「超越（前⾞ / 對 ⼿）」、「省去 / 跳過」,teacher_agent,0.83
V0469,,プラグ,コンセント,noun,N5,から  抜（ぬ）きます。,から  抜（ぬ）きます。,コンセント,N5|noun|外来語,から  抜（ぬ）きます。 來。 最後（さいご）の  直線 （ちょくせん）で  前 （まえ）の  選⼿（せん しゅ）を  抜（ぬ）い た！ → 在最後的直線衝 刺超越了前⾯的選⼿！,teacher_agent,0.92
V0470,指す,さす,「指向」、「指著」、,noun,N4,「朝向」 指（ゆび）で  ⽅向（ほ うこう）を  指（さ） す。,「朝向」 指（ゆび）で  ⽅向（ほ うこう）を  指（さ） す。,「指向」、「指著」、,N4|noun,「朝向」 指（ゆび）で  ⽅向（ほ うこう）を  指（さ） す。 → ⽤⼿指著⽅向 時計の  針（はり）が １２時を  指して  いま 12 點。 にぎる 握る 「握住」、「抓牢」、 「捏（飯糰 / 壽 司）」、「掌握（權⼒ / 秘密）」。 ⼿（て）を  握（にぎ） る。 → 握⼿  / 握住⼿。,teacher_agent,0.83
V0471,,おにぎり,握（にぎ）,other,N4,りました。,りました。,握（にぎ）,N4|other,りました。 → 捏了飯糰 彼が  チーム  の  主導 （しゅどう）権（け ん）を  握（にぎ）って いる。 ふる 振る 「揮動」、「搖動」、 「撒（鹽 / 胡椒）」、 「拒絕 / 甩掉（戀 ⼈）」 ⼿（て）を  振（ふ）る 彼⼥に  告⽩（こくは く）したが、振（ふ） られた。 → 雖然向她告 ⽩了，但被甩了 とじる 閉じる 「關閉」、「闔上（書 本 / 眼睛）」、「結束 （會議）」,teacher_agent,0.83
V0472,,ブラウザ,畫⾯（が,noun,N3,ブラウザについて勉強しています。,ブラウザについてべんきょうしています。,我正在學習關於畫⾯（が的內容。,N3|noun|外来語,,teacher_agent,0.82
V0473,閉じます。,めん）を,→,noun,N2,關閉瀏覽器的視窗 ⽬（め）を  閉じて、し っかり  休（やす）む。,關閉瀏覽器的視窗 ⽬（め）を  閉じて、し っかり  休（やす）む。,→,N2|noun,關閉瀏覽器的視窗 ⽬（め）を  閉じて、し っかり  休（やす）む。 息,teacher_agent,0.75
V0474,剝く,むく,「剝（⽪）」、「削,noun,N4,（⽪）」 林檎（りんご）の  ⽪ （かわ）を  剝（む）き ます。,（⽪）」 林檎（りんご）の  ⽪ （かわ）を  剝（む）き ます。,「剝（⽪）」、「削,N4|noun,（⽪）」 林檎（りんご）の  ⽪ （かわ）を  剝（む）き ます。 → 削蘋果的⽪ ⽬（め）を  剝（む）く かさねる 重ねる ぶつける ー,teacher_agent,0.83
V0475,混ぜる,まぜる,/ 交ぜるｚ 「攪拌」、「混合」、,verb,N4,「調配」 卵（たまご）  と  ⽜乳 （ぎゅうにゅう）を  混 （ま）ぜます。,「調配」 卵（たまご）  と  ⽜乳 （ぎゅうにゅう）を  混 （ま）ぜます。,/ 交ぜるｚ 「攪拌」、「混合」、,N4|verb,「調配」 卵（たまご）  と  ⽜乳 （ぎゅうにゅう）を  混 （ま）ぜます。 → 把蛋 和⽜奶攪拌 / 混合在⼀ 起 くわえる 加える 「加上 / 加⼊（材料 / ⼈數）」、「施加（壓 ⼒ / 速度）」、「合計 （加法）」 砂糖（さとう）を  少々 （しょうしょう）  加 （くわ）えて、よく  混 （ま）ぜます。 → 加⼊ 少許砂糖，並好好地攪 拌均勻。 この  物体（ぶったい）,teacher_agent,0.83
V0476,強（つよ）い,に,圧⼒,i_adjective,N2,（あつりょく）を  加 （くわ）える。,（あつりょく）を  加 （くわ）える。,圧⼒,N2|i_adjective,（あつりょく）を  加 （くわ）える。 → 對這 個物體施加強烈的壓⼒ くばる 配る 「分發（傳單 / 講 義）」、「分配（卡 牌）」、「廣泛投注 （注意⼒）」 全員（ぜんいん）に  資 料（しりょう）を  配 （くば）ります。 → 把 資料分發給所有⼈ 彼（かれ）は  周（ま わ）りの  ⼈（ひと）に,teacher_agent,0.85
V0477,気（き）を,よく,配,noun,N2,（くば）る。,（くば）る。,配,N2|noun,（くば）る。 → 他對周 圍的⼈總是格外細⼼關 照 / 體貼周到 あける 分ける 「分開」、「分類（垃 圾 / 種類）」、「分配 （財產 / 點⼼）」、「劃 分（界線）」,teacher_agent,0.75
V0478,,ゴミ,正（ただ）し,noun,N5,ゴミについて勉強しています。,ゴミについてべんきょうしています。,我正在學習關於正（ただ）し的內容。,N5|noun|外来語,,teacher_agent,0.88
V0479,分（わ）けます,く,→ 把,noun,N2,分（わ）けますについて勉強しています。,くについてべんきょうしています。,我正在學習關於→ 把的內容。,N2|noun,垃圾正確地進⾏分類,teacher_agent,0.8
V0480,,プログラム,機能,noun,N3,プログラムについて勉強しています。,プログラムについてべんきょうしています。,我正在學習關於機能的內容。,N3|noun|外来語,（きのう）を  三（み,teacher_agent,0.82
V0481,,っ）つ,分（わ）け,other,N5,成三個部分 まとめる - 「整理 / 打包（⾏ 李）」、「歸納 / 總結 （意⾒ / 報告）」、「合 併（代碼 / 資料）」、 「領導 / 團結（團 隊）」。,成三個部分 まとめる - 「整理 / 打包（⾏ 李）」、「歸納 / 總結 （意⾒ / 報告）」、「合 併（代碼 / 資料）」、 「領導 / 團結（團 隊）」。,分（わ）け,N5|other,成三個部分 まとめる - 「整理 / 打包（⾏ 李）」、「歸納 / 總結 （意⾒ / 報告）」、「合 併（代碼 / 資料）」、 「領導 / 團結（團 隊）」。 今⽇（きょう）の  意⾒ （いけん）を  報告書 （ほうこくしょ）に  ま とめます。 → 把今天的 意⾒歸納 / 整理成報告 書,teacher_agent,0.92
V0482,変わる,かわる,代替,verb,N4,私は毎日変わる。,わたしはまいにちかわる。,我每天代替。,N4|verb,うけとる 受け取る 「領取 / 收到（包裹 / 信件）」、「接住（傳 球）」、「理解 / 誤會 （話語的含義）」,teacher_agent,0.79
V0483,,コンビニ,荷物（に,noun,N3,もつ）を  受（う）け取 （と）ります。,もつ）を  受（う）け取 （と）ります。,荷物（に,N3|noun|外来語,もつ）を  受（う）け取 （と）ります。 → 在便 利商店領取包裹 / ⾏李,teacher_agent,0.86
V0484,取り出す,とりだす,「拿出來 / 取出（實,noun,N2,取り出すについて勉強しています。,とりだすについてべんきょうしています。,我正在學習關於「拿出來 / 取出（實的內容。,N2|noun,體物品）」、「提取 / 抓 取（抽象資料 / 精 華）」,teacher_agent,0.8
V0485,,カバン,財布（さ,noun,N5,いふ）を  取（と）り出 （だ）します。,いふ）を  取（と）り出 （だ）します。,財布（さ,N5|noun|外来語,いふ）を  取（と）り出 （だ）します。 → 從包 包裡拿出了錢包 💡  ⽼師語感微調,teacher_agent,0.92
V0486,,（,）：這個字是由,other,N5,動詞  「取（と）る （拿、取）」 與  「出 （だ）す（讓 …… 出 來）」 強⼒咬合⽽成的 複合動詞。,動詞  「取（と）る （拿、取）」 與  「出 （だ）す（讓 …… 出 來）」 強⼒咬合⽽成的 複合動詞。,）：這個字是由,N5|other,動詞  「取（と）る （拿、取）」 與  「出 （だ）す（讓 …… 出 來）」 強⼒咬合⽽成的 複合動詞。它跟單純的 「出す」有什麼不同 呢？出す：範圍很廣， 只要讓東西從裡⾯出來 都算（例如：提出作 業、倒垃圾）。取り出 す：⾮常強調「先⽤⼿ 去『拿（取る）』，再把 它『帶到外⾯來（出 す）』」  的連續物理動 作，或者是從眾多物件 中「特意挑選並提取出 來」的精準語感。,teacher_agent,0.92
V0487,薄める,うすめる,「使變薄」、「使變,verb,N4,私は毎日薄める。,わたしはまいにちうすめる。,我每天「使變薄」。,N4|verb,淡」、「稀釋」,teacher_agent,0.79
V0488,,スープ,濃（こ）い,noun,N5,スープについて勉強しています。,スープについてべんきょうしています。,我正在學習關於濃（こ）い的內容。,N5|noun|外来語,ので、⽔（みず）で  薄,teacher_agent,0.88
V0489,,（うす）めます,因為,other,N4,湯太濃了，所以我⽤⽔ 稀釋 / 沖淡。,湯太濃了，所以我⽤⽔ 稀釋 / 沖淡。,因為,N4|other,湯太濃了，所以我⽤⽔ 稀釋 / 沖淡。 洗剤（せんざい）を  お 湯（ゆ）で  薄（うす）,teacher_agent,0.83
V0490,使う,めて,→ 把洗潔劑⽤,noun,N4,使うについて勉強しています。,めてについてべんきょうしています。,我正在學習關於→ 把洗潔劑⽤的內容。,N4|noun,熱⽔稀釋後使⽤,teacher_agent,0.79
V0491,実習,じっしゅう,「實習」、「實地演,noun,N4,実習について勉強しています。,じっしゅうについてべんきょうしています。,我正在學習關於「實習」的內容。,N4|noun,練」、「技術實作」,teacher_agent,0.79
V0492,,メルボルン,IT の  実,noun,N3,習を  します あわてる 慌てる 「在慌慌張張的狀態 下 …… 」或「因為驚 慌失措⽽ …… 」 慌てて  アクセル  を  踏 （ふ）んだ。,習を  します あわてる 慌てる 「在慌慌張張的狀態 下 …… 」或「因為驚 慌失措⽽ …… 」 慌てて  アクセル  を  踏 （ふ）んだ。,IT の  実,N3|noun|外来語,習を  します あわてる 慌てる 「在慌慌張張的狀態 下 …… 」或「因為驚 慌失措⽽ …… 」 慌てて  アクセル  を  踏 （ふ）んだ。 → 慌慌張 張地踩了油⾨,teacher_agent,0.86
V0493,,アクセル,「（汽⾞的）油⾨」,noun,N3,アクセルについて勉強しています。,アクセルについてべんきょうしています。,我正在學習關於「（汽⾞的）油⾨」的內容。,N3|noun|外来語,,teacher_agent,0.82
V0494,慰める,なぐさめる,安慰,verb,N4,私は毎日慰める。,わたしはまいにちなぐさめる。,我每天安慰。,N4|verb,友達  に  慰（なぐさ）,teacher_agent,0.79
V0495,,められた,被朋友安慰,other,N4,められたについて勉強しています。,められたについてべんきょうしています。,我正在學習關於被朋友安慰的內容。,N4|other,了 ました,teacher_agent,0.79
V0496,儲かって,もうかって,賺錢,noun,N2,儲かってについて勉強しています。,もうかってについてべんきょうしています。,我正在學習關於賺錢的內容。,N2|noun,,teacher_agent,0.8
V0497,賄って,まかなって,提供、維持,noun,N4,賄ってについて勉強しています。,まかなってについてべんきょうしています。,我正在學習關於提供的內容。,N4|noun,,teacher_agent,0.79
V0498,商って,あきなって,買賣、經商,noun,N4,商ってについて勉強しています。,あきなってについてべんきょうしています。,我正在學習關於買賣的內容。,N4|noun,うるおって 潤って 「滋潤」、「濕潤」、 「（⽣活 / 經濟）變得 富裕」,teacher_agent,0.79
V0499,劇的に,げきてきに,戲劇性的,noun,N4,劇的にについて勉強しています。,げきてきにについてべんきょうしています。,我正在學習關於戲劇性的的內容。,N4|noun,,teacher_agent,0.79
V0500,格別に,かくべつに,格外的，特別的,noun,N4,格別にについて勉強しています。,かくべつにについてべんきょうしています。,我正在學習關於格外的，特別的的內容。,N4|noun,,teacher_agent,0.79
V0501,真剣に,しんけんに,真的,noun,N4,真剣にについて勉強しています。,しんけんにについてべんきょうしています。,我正在學習關於真的的內容。,N4|noun,,teacher_agent,0.79
V0502,強⼤に,きょうだいに,強⼤的,noun,N4,強⼤にについて勉強しています。,きょうだいにについてべんきょうしています。,我正在學習關於強⼤的的內容。,N4|noun,,teacher_agent,0.79
V0503,少⼦化,しょうしか,少⼦化,noun,N4,少⼦化について勉強しています。,しょうしかについてべんきょうしています。,我正在學習關於少⼦化的內容。,N4|noun,,teacher_agent,0.79
V0504,伴い,ともない,隨著 …… 、伴隨,i_adjective,N4,著 …… 、由於 …… （導致連帶的變化） 1. ⼈⼝減少に伴い、労 働⼒不⾜が深刻化して いる。,著 …… 、由於 …… （導致連帶的變化） 1. ⼈⼝減少に伴い、労 働⼒不⾜が深刻化して いる。,隨著 …… 、伴隨,N4|i_adjective,著 …… 、由於 …… （導致連帶的變化） 1. ⼈⼝減少に伴い、労 働⼒不⾜が深刻化して いる。 → 著⼈⼝減少， 勞動⼒不⾜的問題正⽇ 益嚴重 接續⽅式 [名詞 ] + に伴い  / に伴 って [動詞辭書形 ] + に伴い  / に伴って 2. 時代の変化に伴っ て、⼈々の価値観も変 わってきた。 → 伴隨著 時代的變化，⼈們的價 值觀也發⽣了改變 3. 携帯電話が普及する に伴い、公衆電話が姿 を消していった → 隨著 ⼿機的普及，公⽤電話 也漸漸消失了蹤影 💡  「に伴い」與「に伴 って」的差別？兩者意 思完全⼀樣。「に伴い」 的結尾是動詞中頓形 （ます形去掉ます），書 ⾯感、正式感更強，常 出現在新聞、公告中； 「に伴って」 則是 $\text{ て $ 形，⼝語或 ⼀般討論中也很常⽤。 ⚖  相似⽂法對⽐：「〜 につれて」 vs 「〜に伴 い」 這兩個詞常常⼀起考， 兩者都翻成「隨著」，但 微⼩的差別在於： 〜につれて：偏向「⾃ 然⽽然、單⼀⽅向的⽐ 例變化」（例如：年紀增 ⻑ →  ⾝體變差；爬得越 ⾼  → 氣溫越低）。 〜に伴い：偏向「因果 關係的連帶影響、規模 較⼤的變化」。除了⽐例 變化，還可以指因為某 個特定事件發⽣，⽽連 帶引起的其他現象。,teacher_agent,0.83
V0505,事情,じじょう,情況、狀況、原委、,noun,N4,內情、理由 1. 表⽰「背後的理由、 隱衷」（特別是無奈、 不便說明的私事） 家庭の事情で、しばら くお休みをいただきま す。,內情、理由 1. 表⽰「背後的理由、 隱衷」（特別是無奈、 不便說明的私事） 家庭の事情で、しばら くお休みをいただきま す。,情況、狀況、原委、,N4|noun,內情、理由 1. 表⽰「背後的理由、 隱衷」（特別是無奈、 不便說明的私事） 家庭の事情で、しばら くお休みをいただきま す。 → 因為家庭因素， 我需要請假⼀段時間 2. 表⽰「某個領域的現 況、情勢」（〜事情） く）事情 → ⽇本的居住 環境 / 住宅現況 3. 現地的（げんち）の エネルギー事情を調査 する。 → 調查當地的能 源供應現況 4. 慣⽤語：「事情に詳 しい（じじょうにくわ しい）」 彼は業界（ぎょうか い）の事情にとても詳 しい。 → 他對這個⾏業 的內幕和現況⾮常熟悉 せんりゃく 戦略 注、受到重視 1. 注⽬を集める：吸引 關注、成為焦點。 その新⼈歌⼿は、独特 な歌声で世間の注⽬を 集めている。 → 那位新 ⼈歌⼿憑藉獨特的歌聲 吸引了世⼈的關注 2. 注⽬を浴びる：備受 矚⽬、⼤受關注 最新の AI 技術を使った 開発ツールが、今世界 中で注⽬を浴びていま 的開發⼯具，⽬前在全 世界正備受矚⽬ 3. 〜に注⽬する：去關 注 …… 、把焦點放 在 …… 今後の市場の動きに注 ⽬する必要があります 今後市場的⾛向,teacher_agent,0.83
V0506,⼯夫,くふう,下功夫、花⼼思、動,noun,N4,⼯夫について勉強しています。,くふうについてべんきょうしています。,我正在學習關於下功夫的內容。,N4|noun,腦筋、設法改良、巧 思 1. ⼯夫する：動腦筋、 想辦法改良 暗記が楽しくなるよう に、アプリの  UI を⼯ 夫している →為了讓背 單字變得更有趣，我正 在花⼼思改良應⽤程式 的  UI 2. ⼯夫を凝らす（くふ うをこらす）：絞盡腦 汁、⽤盡巧思 イベントのポスター作 りに、メンバー全員で ⼯夫を凝らした →為了 製作活動海報，全體成 員⽤盡了巧思 3. ⼯夫を重ねる（くふ うをかさねる）：不斷 改良、反覆下功夫 夫を重ねることで、プ ログラムの処理速度を ⼤幅に向上させた → 透 過不斷的研究與改良， ⼤幅提升了程式的處理 速度,teacher_agent,0.79
V0507,模型,もけい,模型,noun,N4,模型について勉強しています。,もけいについてべんきょうしています。,我正在學習關於模型的內容。,N4|noun,,teacher_agent,0.79
V0508,素材,そざい,素材,noun,N4,はいぞく 配属 分派、分發、派赴 （特定部⾨、職位或 ⼯作地點） 1.[ 部⾨ / 地點 ] に配属さ れる：被分配到 …… 部 ⾨ / 地點 研修が終わった後、開 発部に配属されまし た。,はいぞく 配属 分派、分發、派赴 （特定部⾨、職位或 ⼯作地點） 1.[ 部⾨ / 地點 ] に配属さ れる：被分配到 …… 部 ⾨ / 地點 研修が終わった後、開 発部に配属されまし た。,素材,N4|noun,はいぞく 配属 分派、分發、派赴 （特定部⾨、職位或 ⼯作地點） 1.[ 部⾨ / 地點 ] に配属さ れる：被分配到 …… 部 ⾨ / 地點 研修が終わった後、開 発部に配属されまし た。 → 研修結束後，我 被分配到了開發部 2. 配属が決まる：分發 結果確定 ついに新しいプロジェ クトへの配属が決まっ,teacher_agent,0.83
V0509,,た,新專案的分發結果,other,N5,終於確定了 3. 希望配属先：希望被 分派的志願部⾨。,終於確定了 3. 希望配属先：希望被 分派的志願部⾨。,新專案的分發結果,N5|other,終於確定了 3. 希望配属先：希望被 分派的志願部⾨。在找 ⼯作或實習填寫履歷、 ⾯試時⾮常常⾒ ⾯接で希望配属先につ いて聞かれた → 在⾯試 時被問到了希望分發的 部⾨ 反覆、接連發⽣、累 積（經驗、努⼒、年 歲） 1. 努⼒ / ⼯夫を重ね る：不斷努⼒  / 不斷改 良、反覆下功夫。 毎⽇練習を重ねて、つ いに⼤会で優勝した → 藉由不斷累積每天的練 習，終於在⽐賽中獲得 了冠軍 2. 経験を重ねる：累積 經驗 失敗を重ねることで、 ⼈は成⻑していく → 透 過不斷累積失敗的經 驗，⼈才能夠成⻑ 3. 議論 / 話し合い  を重 ねる：反覆討論、多次 商量 チーム内で議論を重ね て、新しいプロジェク トの計画を⽴てた → 在 團隊內經過反覆的討論 後，制定出了新專案的 計畫 4. 疊起來 机の上に本を重ねて置,teacher_agent,0.92
V0510,,く,把書疊放在桌⼦上,other,N5,くについて勉強しています。,くについてべんきょうしています。,我正在學習關於把書疊放在桌⼦上的內容。,N5|other,,teacher_agent,0.88
V0511,やり直す,やりなおす,重新做、重來、重頭,noun,N2,やり直すについて勉強しています。,やりなおすについてべんきょうしています。,我正在學習關於重新做的內容。,N2|noun,開始、改過⾃新 1. 學習與⼯作（做錯、 寫錯時重來） もう⼀度最初からやり 直してください → 請從 頭重新做⼀次 2. ⼈⽣與關係（感情或 ⽣活重新開始） 過去に戻って、⼈⽣を やり直したい → 好想回 到過去，讓⼈⽣重新來 過 🧩  延伸⽂法⼩技巧： 「動詞   形  ＋  直 す」 「〜直す」是⼀個萬⽤ 的接尾詞，只要把動詞 的   形去掉加上 它，就能變成「重 新 …… 」的意思： 書き直す（かきなお す）：重新寫、修改 （如：修改履歷、重寫 報告） 聞き直す（ききなお す）：重新再聽⼀遍 ⾒直す（みなおす）：重 新看、檢查（如：檢查 程式碼、對答案）,teacher_agent,0.8
V0512,繰り返す,くりかえす,重複、反覆、重演、,noun,N2,繰り返すについて勉強しています。,くりかえすについてべんきょうしています。,我正在學習關於重複的內容。,N2|noun,⼀再 1. 練習 / 復習を繰り返 す：反覆練習  / ⼀再複 習 基本のステップを何度 も繰り返す →⼀遍⼜⼀ 遍地反覆練習基本舞步 2. 失敗 / 間違いを繰り 返す：重蹈覆轍、⼀再 犯錯 同じ間違いを繰り返さ ないように、メモを取,teacher_agent,0.8
V0513,,っておく,為了不要⼀,other,N4,っておくについて勉強しています。,っておくについてべんきょうしています。,我正在學習關於為了不要⼀的內容。,N4|other,再犯同樣的錯誤，先記 下筆記 3. テスト  / 処理（しょ り）を繰り返す：反覆 測試  / 重複執⾏處理 バグが直るまで、テス トを繰り返した →在 Bug 修復之前，反覆進 ⾏了多次測試 4. 歴史は繰り返す：歷 史總是驚⼈地相似、歷 史會重演 ます ます,teacher_agent,0.79
V0514,延ばす,のばす,延⻑、延期、推遲,noun,N4,延ばすについて勉強しています。,のばすについてべんきょうしています。,我正在學習關於延⻑的內容。,N4|noun,1. 予定 / 会議を延ばす : 延後預定⾏程  / 延期會 議 出張の予定を来週に延,teacher_agent,0.79
V0515,,ばすことになった,出,other,N4,ばすことになったについて勉強しています。,ばすことになったについてべんきょうしています。,我正在學習關於出的內容。,N4|other,差的⾏程決定要延到下 週了 2. 締切（しめきり） / 期限（きげん）を延ば す：延⻑截⽌⽇期  / 寬 限期限 すみません、レポート の締め切りをもう⼀⽇ 延ばしていただけませ,teacher_agent,0.69
V0516,,んか,不好意思，可以,other,N5,んかについて勉強しています。,んかについてべんきょうしています。,我正在學習關於不好意思，可以的內容。,N5|other,請您把報告的截⽌⽇期 再往後延⼀天嗎？ 3. 出発を延ばす：延後 出發時間 ⼤⾬の影響で、出発を,teacher_agent,0.88
V0517,時間延ばす,1,→受⼤⾬,noun,N2,時間延ばすについて勉強しています。,1についてべんきょうしています。,我正在學習關於→受⼤⾬的內容。,N2|noun,影響，出發時間延後⼀ ⼩時 ⚖  世紀⼤魔王對⽐：延,teacher_agent,0.8
V0518,,ばす,伸ばす,other,N5,這兩個詞在⽇檢和打字 時超級容易搞混，請務 必⽤以下的核⼼畫⾯來 記： 延ばす（時間、期限） ⏳ 核⼼畫⾯：時間軸往後 拉。,這兩個詞在⽇檢和打字 時超級容易搞混，請務 必⽤以下的核⼼畫⾯來 記： 延ばす（時間、期限） ⏳ 核⼼畫⾯：時間軸往後 拉。,伸ばす,N5|other,這兩個詞在⽇檢和打字 時超級容易搞混，請務 必⽤以下的核⼼畫⾯來 記： 延ばす（時間、期限） ⏳ 核⼼畫⾯：時間軸往後 拉。 對象：締切（截⽌⽇）、 予定（⾏程）、旅⾏（旅 程）。 例句：期⽇を延ばす （延⻑⽇期）。 伸ばす（⻑度、空間、 能⼒） 📏 核⼼畫⾯：物體變⻑、 空間變⼤、能⼒變強。 對象：髪（頭髮）、⼿ （伸⼿）、⾝⻑（⾝ ⾼）、才能（才華）。 例句：髪を伸ばす（留 ⻑頭髮）、能⼒を伸ばす （提升能⼒）。,teacher_agent,0.92
V0519,間違う,まちがう,搞錯、不正確、犯錯,noun,N4,間違うについて勉強しています。,まちがうについてべんきょうしています。,我正在學習關於搞錯的內容。,N4|noun,1. 〜を間違える（他動 詞形）主動搞錯了某個 具體的事物 漢字を間違える → 把漢 字寫錯了 電⾞の乗り⽅向を間違,teacher_agent,0.79
V0520,,えてしまった,搭錯了,other,N4,計算出錯了 ⚖  相似詞微觀對⽐：間 違う  vs 誤る（あやま る） 間違う  / 間違える：通 常指⼀般的、⽇常的、 技術上的⼩錯（如：寫 錯字、看錯時間、⾛錯 路）。,計算出錯了 ⚖  相似詞微觀對⽐：間 違う  vs 誤る（あやま る） 間違う  / 間違える：通 常指⼀般的、⽇常的、 技術上的⼩錯（如：寫 錯字、看錯時間、⾛錯 路）。,搭錯了,N4|other,⽕⾞的⽅向 2. 〜が間違っている 「某個想法、答案或做 法本⾝是錯誤的（處於 錯誤的狀態）」 彼の意⾒は間違ってい 計算が間違っている → 計算出錯了 ⚖  相似詞微觀對⽐：間 違う  vs 誤る（あやま る） 間違う  / 間違える：通 常指⼀般的、⽇常的、 技術上的⼩錯（如：寫 錯字、看錯時間、⾛錯 路）。 誤る（あやまる）：通常 指重⼤的、⽅針性的、 會導致嚴重後果的錯誤 選擇（如：⼈⽣の選択 を誤る  / 誤った判断）。,teacher_agent,0.83
V0521,慌てる,あわてる,慌張、著急、⼿⾜無,verb,N4,私は毎日慌てる。,わたしはまいにちあわてる。,我每天慌張。,N4|verb,措、急急忙忙 1. 因為「時間不夠」⽽ 急急忙忙 朝寝坊して、慌てて家 を出た → 早上睡過頭， 急急忙忙地出了家⾨ 2. 因為「突發意外」⽽ 驚慌失措 地震が起きても、慌て ずに落ち着いて⾏動し,teacher_agent,0.79
V0522,,てください,就算發⽣,i_adjective,N4,地震，也請不要慌張， 冷靜地採取⾏動 3. 慣⽤勸導句：「慌て ないで（別急）」 慌てないで、ゆっくり 話してください。,地震，也請不要慌張， 冷靜地採取⾏動 3. 慣⽤勸導句：「慌て ないで（別急）」 慌てないで、ゆっくり 話してください。,就算發⽣,N4|i_adjective,地震，也請不要慌張， 冷靜地採取⾏動 3. 慣⽤勸導句：「慌て ないで（別急）」 慌てないで、ゆっくり 話してください。 →別 著急，請慢慢說 もとめる 求める こたえる 応える うっかり ー ぐっすり ー どっと ー,teacher_agent,0.83
V0523,,そっと,靜靜地、悄悄地,other,N5,そっとについて勉強しています。,そっとについてべんきょうしています。,我正在學習關於靜靜地的內容。,N5|other,,teacher_agent,0.88
V0524,平等,びょうどう,平等,noun,N4,平等について勉強しています。,びょうどうについてべんきょうしています。,我正在學習關於平等的內容。,N4|noun,,teacher_agent,0.79
V0525,成⽴,せいりつ,成⽴,noun,N4,成⽴について勉強しています。,せいりつについてべんきょうしています。,我正在學習關於成⽴的內容。,N4|noun,,teacher_agent,0.79
V0526,優勝,ゆうしょう,優勝,noun,N4,優勝について勉強しています。,ゆうしょうについてべんきょうしています。,我正在學習關於優勝的內容。,N4|noun,,teacher_agent,0.79
V0527,終了,しゅうりょう,終了,noun,N4,終了について勉強しています。,しゅうりょうについてべんきょうしています。,我正在學習關於終了的內容。,N4|noun,,teacher_agent,0.79
V0528,改善,かいぜん,改進,noun,N4,おしまい ー 1. 故事、童話或節⽬的 結尾 これでおしまい。,おしまい ー 1. 故事、童話或節⽬的 結尾 これでおしまい。,改進,N4|noun,おしまい ー 1. 故事、童話或節⽬的 結尾 これでおしまい。 → 故 事到這裡就結束囉 2. ⽇常⽣活中的「收 ⼯、做完囉」 ⽉份,teacher_agent,0.83
V0529,,いちがつ,⼀⽉,other,N4,いちがつについて勉強しています。,いちがつについてべんきょうしています。,我正在學習關於⼀⽉的內容。,N4|other,,teacher_agent,0.79
V0530,,にがつ,⼆⽉,other,N5,にがつについて勉強しています。,にがつについてべんきょうしています。,我正在學習關於⼆⽉的內容。,N5|other,,teacher_agent,0.88
V0531,三⽉,さんがつ,三⽉,noun,N4,三⽉について勉強しています。,さんがつについてべんきょうしています。,我正在學習關於三⽉的內容。,N4|noun,,teacher_agent,0.79
V0532,四⽉,しがつ,四⽉,noun,N4,四⽉について勉強しています。,しがつについてべんきょうしています。,我正在學習關於四⽉的內容。,N4|noun,,teacher_agent,0.79
V0533,五⽉,ごがつ,五⽉,noun,N4,五⽉について勉強しています。,ごがつについてべんきょうしています。,我正在學習關於五⽉的內容。,N4|noun,,teacher_agent,0.79
V0534,六⽉,ろくがつ,六⽉,noun,N4,六⽉について勉強しています。,ろくがつについてべんきょうしています。,我正在學習關於六⽉的內容。,N4|noun,,teacher_agent,0.79
V0535,七⽉,しちがつ,七⽉,noun,N4,七⽉について勉強しています。,しちがつについてべんきょうしています。,我正在學習關於七⽉的內容。,N4|noun,,teacher_agent,0.79
V0536,,はちがつ,⼋⽉,other,N4,はちがつについて勉強しています。,はちがつについてべんきょうしています。,我正在學習關於⼋⽉的內容。,N4|other,,teacher_agent,0.79
V0537,九⽉,くがつ,九⽉,noun,N4,九⽉について勉強しています。,くがつについてべんきょうしています。,我正在學習關於九⽉的內容。,N4|noun,,teacher_agent,0.79
V0538,,じゅうがつ,⼗⽉,other,N4,じゅうがつについて勉強しています。,じゅうがつについてべんきょうしています。,我正在學習關於⼗⽉的內容。,N4|other,,teacher_agent,0.79
V0539,,じゅういちがつ,⼗⼀⽉,other,N4,じゅういちがつについて勉強しています。,じゅういちがつについてべんきょうしています。,我正在學習關於⼗⼀⽉的內容。,N4|other,,teacher_agent,0.79
V0540,,じゅうにがつ,⼗⼆⽉,other,N4,じゅうにがつについて勉強しています。,じゅうにがつについてべんきょうしています。,我正在學習關於⼗⼆⽉的內容。,N4|other,1⽇ ⼀⽇ ついたち Tsuitachi,teacher_agent,0.79
V0541,,2,⼆⽇ ふつか Futsuka,other,N5,2について勉強しています。,2についてべんきょうしています。,我正在學習關於⼆⽇ ふつか Futsuka的內容。,N5|other,,teacher_agent,0.88
V0542,,3,三⽇ みっか Mikka,other,N5,3について勉強しています。,3についてべんきょうしています。,我正在學習關於三⽇ みっか Mikka的內容。,N5|other,,teacher_agent,0.88
V0543,,4,四⽇ よっか Yokka,other,N5,4について勉強しています。,4についてべんきょうしています。,我正在學習關於四⽇ よっか Yokka的內容。,N5|other,,teacher_agent,0.88
V0544,,5,五⽇ いつか Itsuka,other,N5,5について勉強しています。,5についてべんきょうしています。,我正在學習關於五⽇ いつか Itsuka的內容。,N5|other,,teacher_agent,0.88
V0545,,6,六⽇ むいか Muika,other,N5,6について勉強しています。,6についてべんきょうしています。,我正在學習關於六⽇ むいか Muika的內容。,N5|other,,teacher_agent,0.88
V0546,,7,七⽇ なのか Nanoka,other,N5,7について勉強しています。,7についてべんきょうしています。,我正在學習關於七⽇ なのか Nanoka的內容。,N5|other,,teacher_agent,0.88
V0547,,8,⼋⽇ ようか Yka,other,N5,8について勉強しています。,8についてべんきょうしています。,我正在學習關於⼋⽇ ようか Yka的內容。,N5|other,,teacher_agent,0.88
V0548,,9,九⽇ ここのか Kokonoka,other,N5,9について勉強しています。,9についてべんきょうしています。,我正在學習關於九⽇ ここのか Kokonoka的內容。,N5|other,,teacher_agent,0.88
V0549,,10,⼗⽇ とおか Tka,other,N5,10について勉強しています。,10についてべんきょうしています。,我正在學習關於⼗⽇ とおか Tka的內容。,N5|other,助數詞（量詞） 1 〜 9個（こ） — ⼀般物品 數字 平仮名 數字 平仮名 數字 平仮名 1個 いっこ 4 個 よんこ 7 個 ななこ,teacher_agent,0.88
V0550,個,2,にこ 5 個 ごこ 8 個 はっこ,noun,N4,個について勉強しています。,2についてべんきょうしています。,我正在學習關於にこ 5 個 ごこ 8 個 はっこ的內容。,N4|noun,,teacher_agent,0.79
V0551,個,3,さんこ 6 個 ろっこ 9 個 きゅうこ,noun,N4,個について勉強しています。,3についてべんきょうしています。,我正在學習關於さんこ 6 個 ろっこ 9 個 きゅうこ的內容。,N4|noun,本（ほん） — 細⻑物品（筆、瓶⼦、傘等） 數字 平仮名 數字 平仮名 數字 平仮名 1本 いっぽん 4 本 よんほん 7 本 ななほん,teacher_agent,0.79
V0552,本,2,にほん 5 本 ごほん 8 本 はっぽん,noun,N4,本について勉強しています。,2についてべんきょうしています。,我正在學習關於にほん 5 本 ごほん 8 本 はっぽん的內容。,N4|noun,,teacher_agent,0.79
V0553,本,3,さん いっかい ⼀階 ⼀樓 樓層,noun,N4,本について勉強しています。,3についてべんきょうしています。,我正在學習關於さん いっかい ⼀階 ⼀樓 樓層的內容。,N4|noun,,teacher_agent,0.79
V0554,⼀年,いちねん,⼀年 年數,noun,N4,⼀年について勉強しています。,いちねんについてべんきょうしています。,我正在學習關於⼀年 年數的內容。,N4|noun,,teacher_agent,0.79
V0555,⼀分,いっぷん,⼀分鐘 時間（分鐘）,noun,N4,⼀分について勉強しています。,いっぷんについてべんきょうしています。,我正在學習關於⼀分鐘 時間（分鐘）的內容。,N4|noun,,teacher_agent,0.79
V0556,⼀時間,いちじかん,⼀⼩時 時間⻑度（⼩時）,noun,N4,（⾃動詞 他動詞） ⾃動詞 他動詞 開きます 開けます ドアが開きます 閉まります 閉めます ドアが閉まります 付きます 付けます 電気が付きます 消えます 消します 電気が消えます ⽌まります ⽌めます 時計が⽌まります ⼊（はい）ります ⼊れます ⽝が⼊ります 出ます 出します ⽝がでます 掛（か）かります 掛けます 鍵がかかります 汚れます 汚します 服が汚れます 倒（たお）れます 花瓶が倒れます 壊（こわ）れます 壊します 家が壊れます 割（わ）れます 割ります 卵が割れます 破（やぶ）れます 破ります 袋が破れます 折（お）れます 折ります 鉛筆が折れます 始まります 終わります 落ちます 切れます あきれる（呆れる）意味（繁體字） 1. 傻眼、無語、吃驚到不知道說什麼 2. 因為太離譜⽽感到無奈、受不了例⽂ ⽐較： 込みます / 混みます ①  混む∕混みます（最常⽤） 👉  單純描述「⼈或⾞很多」的狀態 電⾞が混みます 店が混んでいます ②  込む∕込みます 👉  「往裡集中」＋「逐漸變滿」的動態感 ⼈往裡擠 事情、感情、內容「塞得很滿」 例句對⽐ 🚃  電⾞ 電⾞が混んでいます 👉  ⾞廂裡⼈很多（客觀狀態） 電⾞に⼈が込んでいます 👉  ⼈⼀直往⾞廂裡擠進來（動作感） 🛣  道路 道路が混んでいます 👉  路很塞 ⾞が込み合っています 👉  ⾞輛互相擠在⼀起（更書⾯） 教える / 教わる 1. 教える（おしえる） 意思：教、告訴、傳授知識或技能 語氣：主動⽅給予資訊或技能 例句： 先⽣が⽣徒に数学を教える。,（⾃動詞 他動詞） ⾃動詞 他動詞 開きます 開けます ドアが開きます 閉まります 閉めます ドアが閉まります 付きます 付けます 電気が付きます 消えます 消します 電気が消えます ⽌まります ⽌めます 時計が⽌まります ⼊（はい）ります ⼊れます ⽝が⼊ります 出ます 出します ⽝がでます 掛（か）かります 掛けます 鍵がかかります 汚れます 汚します 服が汚れます 倒（たお）れます 花瓶が倒れます 壊（こわ）れます 壊します 家が壊れます 割（わ）れます 割ります 卵が割れます 破（やぶ）れます 破ります 袋が破れます 折（お）れます 折ります 鉛筆が折れます 始まります 終わります 落ちます 切れます あきれる（呆れる）意味（繁體字） 1. 傻眼、無語、吃驚到不知道說什麼 2. 因為太離譜⽽感到無奈、受不了例⽂ ⽐較： 込みます / 混みます ①  混む∕混みます（最常⽤） 👉  單純描述「⼈或⾞很多」的狀態 電⾞が混みます 店が混んでいます ②  込む∕込みます 👉  「往裡集中」＋「逐漸變滿」的動態感 ⼈往裡擠 事情、感情、內容「塞得很滿」 例句對⽐ 🚃  電⾞ 電⾞が混んでいます 👉  ⾞廂裡⼈很多（客觀狀態） 電⾞に⼈が込んでいます 👉  ⼈⼀直往⾞廂裡擠進來（動作感） 🛣  道路 道路が混んでいます 👉  路很塞 ⾞が込み合っています 👉  ⾞輛互相擠在⼀起（更書⾯） 教える / 教わる 1. 教える（おしえる） 意思：教、告訴、傳授知識或技能 語氣：主動⽅給予資訊或技能 例句： 先⽣が⽣徒に数学を教える。,⼀⼩時 時間⻑度（⼩時）,N4|noun,（⾃動詞 他動詞） ⾃動詞 他動詞 開きます 開けます ドアが開きます 閉まります 閉めます ドアが閉まります 付きます 付けます 電気が付きます 消えます 消します 電気が消えます ⽌まります ⽌めます 時計が⽌まります ⼊（はい）ります ⼊れます ⽝が⼊ります 出ます 出します ⽝がでます 掛（か）かります 掛けます 鍵がかかります 汚れます 汚します 服が汚れます 倒（たお）れます 花瓶が倒れます 壊（こわ）れます 壊します 家が壊れます 割（わ）れます 割ります 卵が割れます 破（やぶ）れます 破ります 袋が破れます 折（お）れます 折ります 鉛筆が折れます 始まります 終わります 落ちます 切れます あきれる（呆れる）意味（繁體字） 1. 傻眼、無語、吃驚到不知道說什麼 2. 因為太離譜⽽感到無奈、受不了例⽂ ⽐較： 込みます / 混みます ①  混む∕混みます（最常⽤） 👉  單純描述「⼈或⾞很多」的狀態 電⾞が混みます 店が混んでいます ②  込む∕込みます 👉  「往裡集中」＋「逐漸變滿」的動態感 ⼈往裡擠 事情、感情、內容「塞得很滿」 例句對⽐ 🚃  電⾞ 電⾞が混んでいます 👉  ⾞廂裡⼈很多（客觀狀態） 電⾞に⼈が込んでいます 👉  ⼈⼀直往⾞廂裡擠進來（動作感） 🛣  道路 道路が混んでいます 👉  路很塞 ⾞が込み合っています 👉  ⾞輛互相擠在⼀起（更書⾯） 教える / 教わる 1. 教える（おしえる） 意思：教、告訴、傳授知識或技能 語氣：主動⽅給予資訊或技能 例句： 先⽣が⽣徒に数学を教える。 私は友達に⽇本語を教えています。 2. 教わる（おそわる） 意思：被教、向 … 學習、接受指導 語氣：被動⽅接受知識或技能 例句： ⽣徒は先⽣に数学を教わる。 私は先輩からプログラミングを教わった。 特殊⽤法 ほど〜はない 沒有⽐ …… 更 …… 的了⇒最⾼,teacher_agent,0.83
